property,seed,basis,arm,realization,init,epochs,baseline,corrected,delta,probe_r2_mean,base_Frob,base_angErr,base_compMAE,base_eigMAE,base_elem,base_iso,base_magMAE,base_vecMAE,corr_Frob,corr_angErr,corr_compMAE,corr_eigMAE,corr_elem,corr_iso,corr_magMAE,corr_vecMAE
dipole,0,primary,null,0,0,,0.090131596,0.090131596,0.0,,,4.5294647,0.090131596,,,,0.10123755,0.18293388,,,,,,,,
dipole,0,primary,tda,0,0,28,0.090131596,0.09136684,0.0012352467,-0.06502211093902588,,4.5294647,0.090131596,,,,0.10123755,0.18293388,,4.529464,0.09136684,,,,0.10555946,0.18542522
dipole,0,primary,tda,0,1,33,0.090131596,0.09139921,0.001267612,-0.06612241268157959,,4.5294647,0.090131596,,,,0.10123755,0.18293388,,4.529467,0.09139921,,,,0.105614066,0.18546042
dipole,0,primary,tda,0,2,79,0.090131596,0.099302396,0.0091708,-0.6829429864883423,,4.5294647,0.090131596,,,,0.10123755,0.18293388,,4.673244,0.099302396,,,,0.12528603,0.20156707
dipole,0,primary,random,0,0,18,0.090131596,0.090395525,0.00026392937,-0.021712541580200195,,4.5294647,0.090131596,,,,0.10123755,0.18293388,,4.5294633,0.090395525,,,,0.102206506,0.18345079
dipole,0,primary,random,0,1,16,0.090131596,0.090395175,0.0002635792,-0.021761298179626465,,4.5294647,0.090131596,,,,0.10123755,0.18293388,,4.529463,0.090395175,,,,0.10221549,0.18344998
dipole,0,primary,random,0,2,16,0.090131596,0.09034109,0.00020949543,-0.019729256629943848,,4.5294647,0.090131596,,,,0.10123755,0.18293388,,4.5294642,0.09034109,,,,0.10201582,0.18334438
dipole,0,primary,random,1,0,17,0.090131596,0.09045675,0.0003251508,-0.024095535278320312,,4.5294647,0.090131596,,,,0.10123755,0.18293388,,4.5294604,0.09045675,,,,0.102433965,0.18357168
dipole,0,primary,random,1,1,16,0.090131596,0.09040188,0.0002702847,-0.022032499313354492,,4.5294647,0.090131596,,,,0.10123755,0.18293388,,4.529463,0.09040188,,,,0.10224147,0.18346451
dipole,0,primary,random,1,2,16,0.090131596,0.09034367,0.00021207333,-0.01983654499053955,,4.5294647,0.090131596,,,,0.10123755,0.18293388,,4.529466,0.09034367,,,,0.10202523,0.18334761
dipole,0,primary,random,2,0,17,0.090131596,0.09046026,0.00032866746,-0.024071216583251953,,4.5294647,0.090131596,,,,0.10123755,0.18293388,,4.5294657,0.09046026,,,,0.102438994,0.18357468
dipole,0,primary,random,2,1,16,0.090131596,0.09040339,0.00027179718,-0.022100329399108887,,4.5294647,0.090131596,,,,0.10123755,0.18293388,,4.5294685,0.09040339,,,,0.1022467,0.1834688
dipole,0,primary,random,2,2,16,0.090131596,0.09033663,0.00020503253,-0.019601821899414062,,4.5294647,0.090131596,,,,0.10123755,0.18293388,,4.529466,0.09033663,,,,0.10200382,0.18333744
dipole,0,primary,random,3,0,18,0.090131596,0.090389885,0.00025828928,-0.021620631217956543,,4.5294647,0.090131596,,,,0.10123755,0.18293388,,4.5294685,0.090389885,,,,0.10219582,0.18344337
dipole,0,primary,random,3,1,16,0.090131596,0.09040836,0.00027676672,-0.02245795726776123,,4.5294647,0.090131596,,,,0.10123755,0.18293388,,4.529467,0.09040836,,,,0.102261305,0.18347967
dipole,0,primary,random,3,2,16,0.090131596,0.090339355,0.00020775944,-0.019724369049072266,,4.5294647,0.090131596,,,,0.10123755,0.18293388,,4.5294642,0.090339355,,,,0.10201473,0.183341
dipole,0,primary,random,4,0,17,0.090131596,0.09045379,0.0003221929,-0.023903727531433105,,4.5294647,0.090131596,,,,0.10123755,0.18293388,,4.5294595,0.09045379,,,,0.102417484,0.1835623
dipole,0,primary,random,4,1,16,0.090131596,0.090419635,0.00028803945,-0.022771358489990234,,4.5294647,0.090131596,,,,0.10123755,0.18293388,,4.529458,0.090419635,,,,0.10230085,0.18350007
dipole,0,primary,random,4,2,16,0.090131596,0.09034137,0.0002097711,-0.01976633071899414,,4.5294647,0.090131596,,,,0.10123755,0.18293388,,4.5294614,0.09034137,,,,0.10201762,0.1833453
dipole,0,primary,shuffled,0,0,18,0.090131596,0.09033599,0.00020439178,-0.01961374282836914,,4.5294647,0.090131596,,,,0.10123755,0.18293388,,4.529464,0.09033599,,,,0.1020098,0.1833398
dipole,0,primary,shuffled,0,1,19,0.090131596,0.09037587,0.00024427474,-0.021083354949951172,,4.5294647,0.090131596,,,,0.10123755,0.18293388,,4.529467,0.09037587,,,,0.10215389,0.18341546
dipole,0,primary,shuffled,0,2,27,0.090131596,0.09045811,0.00032651424,-0.024042487144470215,,4.5294647,0.090131596,,,,0.10123755,0.18293388,,4.5294647,0.09045811,,,,0.10243425,0.1835723
dipole,0,primary,shuffled,1,0,21,0.090131596,0.090406485,0.00027488917,-0.022226810455322266,,4.5294647,0.090131596,,,,0.10123755,0.18293388,,4.529463,0.090406485,,,,0.102257356,0.18347347
dipole,0,primary,shuffled,1,1,20,0.090131596,0.09042135,0.00028975308,-0.02281367778778076,,4.5294647,0.090131596,,,,0.10123755,0.18293388,,4.529469,0.09042135,,,,0.10231174,0.18350288
dipole,0,primary,shuffled,1,2,20,0.090131596,0.09043325,0.00030165166,-0.023224234580993652,,4.5294647,0.090131596,,,,0.10123755,0.18293388,,4.529465,0.09043325,,,,0.10234864,0.18352424
dipole,0,primary,shuffled,2,0,18,0.090131596,0.0903685,0.00023690611,-0.020896196365356445,,4.5294647,0.090131596,,,,0.10123755,0.18293388,,4.5294595,0.0903685,,,,0.10212173,0.18340127
dipole,0,primary,shuffled,2,1,20,0.090131596,0.09041742,0.00028582662,-0.02272212505340576,,4.5294647,0.090131596,,,,0.10123755,0.18293388,,4.5294633,0.09041742,,,,0.102301486,0.18349682
dipole,0,primary,shuffled,2,2,18,0.090131596,0.09043402,0.00030242652,-0.02331244945526123,,4.5294647,0.090131596,,,,0.10123755,0.18293388,,4.5294604,0.09043402,,,,0.102358,0.18352942
dipole,0,primary,shuffled,3,0,20,0.090131596,0.09044157,0.00030997396,-0.023499608039855957,,4.5294647,0.090131596,,,,0.10123755,0.18293388,,4.529467,0.09044157,,,,0.102369905,0.1835407
dipole,0,primary,shuffled,3,1,17,0.090131596,0.09042534,0.0002937466,-0.022963762283325195,,4.5294647,0.090131596,,,,0.10123755,0.18293388,,4.529463,0.09042534,,,,0.10231887,0.18351144
dipole,0,primary,shuffled,3,2,16,0.090131596,0.09049109,0.00035949796,-0.025455117225646973,,4.5294647,0.090131596,,,,0.10123755,0.18293388,,4.529466,0.09049109,,,,0.10254265,0.18363884
dipole,0,primary,shuffled,4,0,19,0.090131596,0.090399824,0.00026822835,-0.02196061611175537,,4.5294647,0.090131596,,,,0.10123755,0.18293388,,4.529469,0.090399824,,,,0.10222165,0.18345782
dipole,0,primary,shuffled,4,1,16,0.090131596,0.090410694,0.00027909875,-0.02242720127105713,,4.5294647,0.090131596,,,,0.10123755,0.18293388,,4.529462,0.090410694,,,,0.10226643,0.18347904
dipole,0,primary,shuffled,4,2,19,0.090131596,0.09048593,0.0003543347,-0.025115132331848145,,4.5294647,0.090131596,,,,0.10123755,0.18293388,,4.5294666,0.09048593,,,,0.10252492,0.1836267
dipole,1,primary,null,0,0,,0.09435965,0.09435965,0.0,,,4.6633115,0.09435965,,,,0.106728055,0.19178858,,,,,,,,
dipole,1,primary,tda,0,0,22,0.09435965,0.09434787,-1.1779368e-05,-0.009555220603942871,,4.6633115,0.09435965,,,,0.106728055,0.19178858,,4.663316,0.09434787,,,,0.106226645,0.19175354
dipole,1,primary,tda,0,1,25,0.09435965,0.09448957,0.00012991577,-0.013326764106750488,,4.6633115,0.09435965,,,,0.106728055,0.19178858,,4.6633143,0.09448957,,,,0.10650169,0.19204682
dipole,1,primary,tda,0,2,19,0.09435965,0.094370864,1.1213124e-05,-0.013931632041931152,,4.6633115,0.09435965,,,,0.106728055,0.19178858,,4.6633143,0.094370864,,,,0.1065732,0.19179648
dipole,1,primary,random,0,0,17,0.09435965,0.09466258,0.0003029257,-0.02187931537628174,,4.6633115,0.09435965,,,,0.106728055,0.19178858,,4.663314,0.09466258,,,,0.10782006,0.19238591
dipole,1,primary,random,0,1,16,0.09435965,0.09463616,0.00027650595,-0.021147847175598145,,4.6633115,0.09435965,,,,0.106728055,0.19178858,,4.66331,0.09463616,,,,0.10772608,0.19233648
dipole,1,primary,random,0,2,16,0.09435965,0.09446376,0.00010410696,-0.015954256057739258,,4.6633115,0.09435965,,,,0.106728055,0.19178858,,4.6633153,0.09446376,,,,0.10711445,0.19199549
dipole,1,primary,random,1,0,16,0.09435965,0.09462153,0.00026188046,-0.020635247230529785,,4.6633115,0.09435965,,,,0.106728055,0.19178858,,4.6633134,0.09462153,,,,0.10767269,0.19230369
dipole,1,primary,random,1,1,16,0.09435965,0.094643556,0.00028390437,-0.021271109580993652,,4.6633115,0.09435965,,,,0.106728055,0.19178858,,4.663316,0.094643556,,,,0.10775331,0.1923503
dipole,1,primary,random,1,2,16,0.09435965,0.094462655,0.00010300428,-0.015871405601501465,,4.6633115,0.09435965,,,,0.106728055,0.19178858,,4.663306,0.094462655,,,,0.107096694,0.19199131
dipole,1,primary,random,2,0,16,0.09435965,0.09465006,0.00029040873,-0.02150893211364746,,4.6633115,0.09435965,,,,0.106728055,0.19178858,,4.663311,0.09465006,,,,0.107765794,0.19236003
dipole,1,primary,random,2,1,16,0.09435965,0.094659224,0.00029957294,-0.021737098693847656,,4.6633115,0.09435965,,,,0.106728055,0.19178858,,4.6633153,0.094659224,,,,0.107804544,0.19238122
dipole,1,primary,random,2,2,17,0.09435965,0.09468389,0.00032424182,-0.022491455078125,,4.6633115,0.09435965,,,,0.106728055,0.19178858,,4.6633215,0.09468389,,,,0.107883945,0.19242741
dipole,1,primary,random,3,0,16,0.09435965,0.09462588,0.0002662316,-0.020869731903076172,,4.6633115,0.09435965,,,,0.106728055,0.19178858,,4.663313,0.09462588,,,,0.10768048,0.1923143
dipole,1,primary,random,3,1,16,0.09435965,0.09461955,0.0002598986,-0.020669937133789062,,4.6633115,0.09435965,,,,0.106728055,0.19178858,,4.6633134,0.09461955,,,,0.107664175,0.19230339
dipole,1,primary,random,3,2,17,0.09435965,0.09466885,0.0003091991,-0.022172212600708008,,4.6633115,0.09435965,,,,0.106728055,0.19178858,,4.663312,0.09466885,,,,0.1078313,0.19239865
dipole,1,primary,random,4,0,16,0.09435965,0.09463838,0.00027872622,-0.021177172660827637,,4.6633115,0.09435965,,,,0.106728055,0.19178858,,4.663312,0.09463838,,,,0.10772786,0.19233848
dipole,1,primary,random,4,1,16,0.09435965,0.09465761,0.00029795617,-0.02169191837310791,,4.6633115,0.09435965,,,,0.106728055,0.19178858,,4.6633053,0.09465761,,,,0.10779954,0.19237494
dipole,1,primary,random,4,2,16,0.09435965,0.0944736,0.00011394918,-0.016283631324768066,,4.6633115,0.09435965,,,,0.106728055,0.19178858,,4.663313,0.0944736,,,,0.10713925,0.19201152
dipole,1,primary,shuffled,0,0,19,0.09435965,0.09459432,0.00023467094,-0.019907355308532715,,4.6633115,0.09435965,,,,0.106728055,0.19178858,,4.663313,0.09459432,,,,0.10757945,0.19225278
dipole,1,primary,shuffled,0,1,22,0.09435965,0.09451107,0.00015141815,-0.017594337463378906,,4.6633115,0.09435965,,,,0.106728055,0.19178858,,4.6633124,0.09451107,,,,0.10728068,0.19209409
dipole,1,primary,shuffled,0,2,19,0.09435965,0.09464669,0.00028704107,-0.02155160903930664,,4.6633115,0.09435965,,,,0.106728055,0.19178858,,4.663316,0.09464669,,,,0.10776241,0.19235668
dipole,1,primary,shuffled,1,0,19,0.09435965,0.09456573,0.00020607561,-0.018888235092163086,,4.6633115,0.09435965,,,,0.106728055,0.19178858,,4.66331,0.09456573,,,,0.10748035,0.19219802
dipole,1,primary,shuffled,1,1,21,0.09435965,0.094593324,0.00023367256,-0.01972055435180664,,4.6633115,0.09435965,,,,0.106728055,0.19178858,,4.663316,0.094593324,,,,0.10756726,0.19225185
dipole,1,primary,shuffled,1,2,18,0.09435965,0.094696626,0.00033697486,-0.022885560989379883,,4.6633115,0.09435965,,,,0.106728055,0.19178858,,4.6633134,0.094696626,,,,0.10792889,0.19245258
dipole,1,primary,shuffled,2,0,21,0.09435965,0.094632715,0.00027306378,-0.02105128765106201,,4.6633115,0.09435965,,,,0.106728055,0.19178858,,4.6633124,0.094632715,,,,0.10769932,0.19232589
dipole,1,primary,shuffled,2,1,20,0.09435965,0.094646975,0.0002873242,-0.021503090858459473,,4.6633115,0.09435965,,,,0.106728055,0.19178858,,4.66331,0.094646975,,,,0.10775381,0.1923555
dipole,1,primary,shuffled,2,2,16,0.09435965,0.09462203,0.00026237965,-0.020691275596618652,,4.6633115,0.09435965,,,,0.106728055,0.19178858,,4.6633143,0.09462203,,,,0.107667714,0.1923061
dipole,1,primary,shuffled,3,0,20,0.09435965,0.09450761,0.00014796108,-0.017164230346679688,,4.6633115,0.09435965,,,,0.106728055,0.19178858,,4.663315,0.09450761,,,,0.10725545,0.19207679
dipole,1,primary,shuffled,3,1,20,0.09435965,0.09455731,0.00019765645,-0.018692851066589355,,4.6633115,0.09435965,,,,0.106728055,0.19178858,,4.6633077,0.09455731,,,,0.107443735,0.19217668
dipole,1,primary,shuffled,3,2,19,0.09435965,0.094590075,0.0002304241,-0.019734621047973633,,4.6633115,0.09435965,,,,0.106728055,0.19178858,,4.663306,0.094590075,,,,0.10755909,0.1922429
dipole,1,primary,shuffled,4,0,20,0.09435965,0.09456121,0.00020156056,-0.01885664463043213,,4.6633115,0.09435965,,,,0.106728055,0.19178858,,4.6633143,0.09456121,,,,0.10744942,0.19218488
dipole,1,primary,shuffled,4,1,22,0.09435965,0.094499975,0.00014032423,-0.01690065860748291,,4.6633115,0.09435965,,,,0.106728055,0.19178858,,4.6633162,0.094499975,,,,0.10721371,0.19205824
dipole,1,primary,shuffled,4,2,18,0.09435965,0.09466473,0.00030507892,-0.02194035053253174,,4.6633115,0.09435965,,,,0.106728055,0.19178858,,4.6633124,0.09466473,,,,0.10781995,0.19239013
dipole,2,primary,null,0,0,,0.09219367,0.09219367,0.0,,,4.506803,0.09219367,,,,0.104156874,0.18661891,,,,,,,,
dipole,2,primary,tda,0,0,88,0.09219367,0.09471443,0.0025207624,-0.10591959953308105,,4.506803,0.09219367,,,,0.104156874,0.18661891,,4.5067987,0.09471443,,,,0.109016694,0.1917299
dipole,2,primary,tda,0,1,51,0.09219367,0.09492803,0.002734363,-0.12071382999420166,,4.506803,0.09219367,,,,0.104156874,0.18661891,,4.5067925,0.09492803,,,,0.10959266,0.1921545
dipole,2,primary,tda,0,2,52,0.09219367,0.09402245,0.0018287823,-0.06660580635070801,,4.506803,0.09219367,,,,0.104156874,0.18661891,,4.506796,0.09402245,,,,0.10723109,0.19031349
dipole,2,primary,random,0,0,17,0.09219367,0.09228154,8.787215e-05,-0.015331029891967773,,4.506803,0.09219367,,,,0.104156874,0.18661891,,4.506798,0.09228154,,,,0.10452022,0.18679409
dipole,2,primary,random,0,1,16,0.09219367,0.09228191,8.8237226e-05,-0.015409708023071289,,4.506803,0.09219367,,,,0.104156874,0.18661891,,4.506794,0.09228191,,,,0.10451545,0.18679094
dipole,2,primary,random,0,2,17,0.09219367,0.09233026,0.0001365915,-0.017514348030090332,,4.506803,0.09219367,,,,0.104156874,0.18661891,,4.506795,0.09233026,,,,0.10471251,0.1868892
dipole,2,primary,random,1,0,16,0.09219367,0.092382126,0.00018845499,-0.019677281379699707,,4.506803,0.09219367,,,,0.104156874,0.18661891,,4.506802,0.092382126,,,,0.10489725,0.18698634
dipole,2,primary,random,1,1,16,0.09219367,0.09228745,9.378046e-05,-0.01565229892730713,,4.506803,0.09219367,,,,0.104156874,0.18661891,,4.506796,0.09228745,,,,0.10454163,0.18680348
dipole,2,primary,random,1,2,19,0.09219367,0.09230534,0.0001116693,-0.01621246337890625,,4.506803,0.09219367,,,,0.104156874,0.18661891,,4.5068,0.09230534,,,,0.104586005,0.1868304
dipole,2,primary,random,2,0,16,0.09219367,0.09237817,0.00018449873,-0.019476771354675293,,4.506803,0.09219367,,,,0.104156874,0.18661891,,4.5067973,0.09237817,,,,0.10488763,0.18697657
dipole,2,primary,random,2,1,16,0.09219367,0.092277445,8.377433e-05,-0.015351533889770508,,4.506803,0.09219367,,,,0.104156874,0.18661891,,4.506796,0.092277445,,,,0.104512125,0.18678609
dipole,2,primary,random,2,2,17,0.09219367,0.0923374,0.00014372915,-0.017724037170410156,,4.506803,0.09219367,,,,0.104156874,0.18661891,,4.5068016,0.0923374,,,,0.10472989,0.1868975
dipole,2,primary,random,3,0,16,0.09219367,0.0923741,0.00018043071,-0.01921868324279785,,4.506803,0.09219367,,,,0.104156874,0.18661891,,4.5068035,0.0923741,,,,0.104861476,0.18696605
dipole,2,primary,random,3,1,16,0.09219367,0.09229325,9.957701e-05,-0.015827059745788574,,4.506803,0.09219367,,,,0.104156874,0.18661891,,4.5068035,0.09229325,,,,0.1045533,0.18681043
dipole,2,primary,random,3,2,18,0.09219367,0.09231696,0.00012329221,-0.01657581329345703,,4.506803,0.09219367,,,,0.104156874,0.18661891,,4.5067983,0.09231696,,,,0.104629405,0.18685116
dipole,2,primary,random,4,0,16,0.09219367,0.09237867,0.00018499792,-0.01949620246887207,,4.506803,0.09219367,,,,0.104156874,0.18661891,,4.506802,0.09237867,,,,0.104881026,0.1869775
dipole,2,primary,random,4,1,16,0.09219367,0.0922861,9.24319e-05,-0.015577435493469238,,4.506803,0.09219367,,,,0.104156874,0.18661891,,4.506797,0.0922861,,,,0.10453283,0.18679835
dipole,2,primary,random,4,2,17,0.09219367,0.09233398,0.00014030933,-0.017540693283081055,,4.506803,0.09219367,,,,0.104156874,0.18661891,,4.506804,0.09233398,,,,0.10470971,0.18688974
dipole,2,primary,shuffled,0,0,20,0.09219367,0.09225686,6.3188374e-05,-0.014127135276794434,,4.506803,0.09219367,,,,0.104156874,0.18661891,,4.5068026,0.09225686,,,,0.10440907,0.18673946
dipole,2,primary,shuffled,0,1,25,0.09219367,0.09229251,9.88394e-05,-0.015689373016357422,,4.506803,0.09219367,,,,0.104156874,0.18661891,,4.506793,0.09229251,,,,0.10454048,0.18680704
dipole,2,primary,shuffled,0,2,20,0.09219367,0.092306666,0.000112995505,-0.016431808471679688,,4.506803,0.09219367,,,,0.104156874,0.18661891,,4.506795,0.092306666,,,,0.10460597,0.18683754
dipole,2,primary,shuffled,1,0,27,0.09219367,0.09230416,0.00011049211,-0.016102075576782227,,4.506803,0.09219367,,,,0.104156874,0.18661891,,4.5067964,0.09230416,,,,0.104587324,0.1868334
dipole,2,primary,shuffled,1,1,19,0.09219367,0.092298254,0.0001045838,-0.01605701446533203,,4.506803,0.09219367,,,,0.104156874,0.18661891,,4.5067973,0.092298254,,,,0.104571156,0.18682007
dipole,2,primary,shuffled,1,2,17,0.09219367,0.09232312,0.00012944639,-0.017210960388183594,,4.506803,0.09219367,,,,0.104156874,0.18661891,,4.5067983,0.09232312,,,,0.104675956,0.18687212
dipole,2,primary,shuffled,2,0,19,0.09219367,0.09226679,7.312e-05,-0.014832854270935059,,4.506803,0.09219367,,,,0.104156874,0.18661891,,4.506794,0.09226679,,,,0.10446309,0.18676409
dipole,2,primary,shuffled,2,1,19,0.09219367,0.092294835,0.00010116398,-0.015990734100341797,,4.506803,0.09219367,,,,0.104156874,0.18661891,,4.5067945,0.092294835,,,,0.104570486,0.18681751
dipole,2,primary,shuffled,2,2,18,0.09219367,0.09231266,0.00011898577,-0.016817212104797363,,4.506803,0.09219367,,,,0.104156874,0.18661891,,4.5068026,0.09231266,,,,0.10463822,0.18685319
dipole,2,primary,shuffled,3,0,28,0.09219367,0.09230961,0.000115938485,-0.01641058921813965,,4.506803,0.09219367,,,,0.104156874,0.18661891,,4.506805,0.09230961,,,,0.10459805,0.18684143
dipole,2,primary,shuffled,3,1,24,0.09219367,0.09230494,0.00011126697,-0.016224265098571777,,4.506803,0.09219367,,,,0.104156874,0.18661891,,4.506802,0.09230494,,,,0.10458107,0.18683247
dipole,2,primary,shuffled,3,2,22,0.09219367,0.09232927,0.00013560057,-0.01737034320831299,,4.506803,0.09219367,,,,0.104156874,0.18661891,,4.506803,0.09232927,,,,0.10468076,0.18688168
dipole,2,primary,shuffled,4,0,19,0.09219367,0.092282355,8.868426e-05,-0.015402436256408691,,4.506803,0.09219367,,,,0.104156874,0.18661891,,4.5068035,0.092282355,,,,0.10451377,0.18678866
dipole,2,primary,shuffled,4,1,17,0.09219367,0.09227882,8.5152686e-05,-0.015226244926452637,,4.506803,0.09219367,,,,0.104156874,0.18661891,,4.506801,0.09227882,,,,0.10450029,0.18678218
dipole,2,primary,shuffled,4,2,18,0.09219367,0.09232699,0.00013332069,-0.017290592193603516,,4.506803,0.09219367,,,,0.104156874,0.18661891,,4.506794,0.09232699,,,,0.10468842,0.18687756
dipole,3,primary,null,0,0,,0.09526028,0.09526028,0.0,,,4.826242,0.09526028,,,,0.106382206,0.1933459,,,,,,,,
dipole,3,primary,tda,0,0,46,0.09526028,0.09594242,0.00068214536,-0.04172682762145996,,4.826242,0.09526028,,,,0.106382206,0.1933459,,4.8262405,0.09594242,,,,0.10855276,0.19467053
dipole,3,primary,tda,0,1,50,0.09526028,0.09591775,0.00065746903,-0.03811287879943848,,4.826242,0.09526028,,,,0.106382206,0.1933459,,4.8262405,0.09591775,,,,0.10845735,0.19459708
dipole,3,primary,tda,0,2,43,0.09526028,0.095639564,0.0003792867,-0.02568221092224121,,4.826242,0.09526028,,,,0.106382206,0.1933459,,4.826244,0.095639564,,,,0.10752581,0.19408357
dipole,3,primary,random,0,0,16,0.09526028,0.095195755,-6.452203e-05,-0.004088759422302246,,4.826242,0.09526028,,,,0.106382206,0.1933459,,4.8262386,0.095195755,,,,0.106062874,0.19322227
dipole,3,primary,random,0,1,16,0.09526028,0.09517043,-8.984655e-05,-0.0031331777572631836,,4.826242,0.09526028,,,,0.106382206,0.1933459,,4.826237,0.09517043,,,,0.105935626,0.19317938
dipole,3,primary,random,0,2,16,0.09526028,0.09514898,-0.00011129677,-0.0021048784255981445,,4.826242,0.09526028,,,,0.106382206,0.1933459,,4.8262396,0.09514898,,,,0.105800934,0.1931408
dipole,3,primary,random,1,0,17,0.09526028,0.09517056,-8.971989e-05,-0.003062725067138672,,4.826242,0.09526028,,,,0.106382206,0.1933459,,4.8262386,0.09517056,,,,0.105947934,0.1931806
dipole,3,primary,random,1,1,16,0.09526028,0.0951761,-8.417666e-05,-0.003357410430908203,,4.826242,0.09526028,,,,0.106382206,0.1933459,,4.8262424,0.0951761,,,,0.10597055,0.19318691
dipole,3,primary,random,1,2,16,0.09526028,0.09514602,-0.00011425465,-0.0019277334213256836,,4.826242,0.09526028,,,,0.106382206,0.1933459,,4.826246,0.09514602,,,,0.10578965,0.1931326
dipole,3,primary,random,2,0,17,0.09526028,0.09517037,-8.9906156e-05,-0.0030325651168823242,,4.826242,0.09526028,,,,0.106382206,0.1933459,,4.8262367,0.09517037,,,,0.105941415,0.19317903
dipole,3,primary,random,2,1,16,0.09526028,0.09516869,-9.158999e-05,-0.003000497817993164,,4.826242,0.09526028,,,,0.106382206,0.1933459,,4.8262405,0.09516869,,,,0.10592949,0.19317478
dipole,3,primary,random,2,2,16,0.09526028,0.095146224,-0.00011405349,-0.001893162727355957,,4.826242,0.09526028,,,,0.106382206,0.1933459,,4.82624,0.095146224,,,,0.10578645,0.19313405
dipole,3,primary,random,3,0,17,0.09526028,0.09517434,-8.5935e-05,-0.003052949905395508,,4.826242,0.09526028,,,,0.106382206,0.1933459,,4.826241,0.09517434,,,,0.10594141,0.19317695
dipole,3,primary,random,3,1,17,0.09526028,0.09516329,-9.698421e-05,-0.0025862455368041992,,4.826242,0.09526028,,,,0.106382206,0.1933459,,4.82625,0.09516329,,,,0.10588626,0.19315957
dipole,3,primary,random,3,2,19,0.09526028,0.09518413,-7.6144934e-05,-0.0033278465270996094,,4.826242,0.09526028,,,,0.106382206,0.1933459,,4.8262444,0.09518413,,,,0.10597378,0.19319408
dipole,3,primary,random,4,0,17,0.09526028,0.09516777,-9.250641e-05,-0.0030454397201538086,,4.826242,0.09526028,,,,0.106382206,0.1933459,,4.8262444,0.09516777,,,,0.10591971,0.19317509
dipole,3,primary,random,4,1,16,0.09526028,0.09517202,-8.825958e-05,-0.0031458139419555664,,4.826242,0.09526028,,,,0.106382206,0.1933459,,4.8262424,0.09517202,,,,0.10593883,0.19317909
dipole,3,primary,random,4,2,16,0.09526028,0.095144875,-0.00011540204,-0.0019608736038208008,,4.826242,0.09526028,,,,0.106382206,0.1933459,,4.826245,0.095144875,,,,0.10577492,0.19313063
dipole,3,primary,shuffled,0,0,22,0.09526028,0.09517068,-8.960068e-05,-0.003137946128845215,,4.826242,0.09526028,,,,0.106382206,0.1933459,,4.8262386,0.09517068,,,,0.1059403,0.19317804
dipole,3,primary,shuffled,0,1,17,0.09526028,0.095164776,-9.550154e-05,-0.0028132200241088867,,4.826242,0.09526028,,,,0.106382206,0.1933459,,4.8262377,0.095164776,,,,0.10590639,0.19316679
dipole,3,primary,shuffled,0,2,18,0.09526028,0.09518917,-7.110834e-05,-0.003834247589111328,,4.826242,0.09526028,,,,0.106382206,0.1933459,,4.826244,0.09518917,,,,0.10604041,0.19321229
dipole,3,primary,shuffled,1,0,20,0.09526028,0.095151566,-0.00010871142,-0.0022017955780029297,,4.826242,0.09526028,,,,0.106382206,0.1933459,,4.8262415,0.095151566,,,,0.10582584,0.19314504
dipole,3,primary,shuffled,1,1,31,0.09526028,0.09515426,-0.00010601431,-0.0019713640213012695,,4.826242,0.09526028,,,,0.106382206,0.1933459,,4.826236,0.09515426,,,,0.10577778,0.19315076
dipole,3,primary,shuffled,1,2,18,0.09526028,0.095157675,-0.000102601945,-0.002576589584350586,,4.826242,0.09526028,,,,0.106382206,0.1933459,,4.826239,0.095157675,,,,0.10587464,0.19315568
dipole,3,primary,shuffled,2,0,20,0.09526028,0.09515867,-0.00010161102,-0.0023168325424194336,,4.826242,0.09526028,,,,0.106382206,0.1933459,,4.8262362,0.09515867,,,,0.10584123,0.19315353
dipole,3,primary,shuffled,2,1,16,0.09526028,0.09516811,-9.216368e-05,-0.0029736757278442383,,4.826242,0.09526028,,,,0.106382206,0.1933459,,4.8262396,0.09516811,,,,0.105931826,0.19317251
dipole,3,primary,shuffled,2,2,18,0.09526028,0.095164575,-9.570271e-05,-0.002845168113708496,,4.826242,0.09526028,,,,0.106382206,0.1933459,,4.8262367,0.095164575,,,,0.105911024,0.1931668
dipole,3,primary,shuffled,3,0,19,0.09526028,0.09514423,-0.00011605024,-0.0018610954284667969,,4.826242,0.09526028,,,,0.106382206,0.1933459,,4.826247,0.09514423,,,,0.10578374,0.19312976
dipole,3,primary,shuffled,3,1,20,0.09526028,0.09516138,-9.889901e-05,-0.0025565624237060547,,4.826242,0.09526028,,,,0.106382206,0.1933459,,4.8262463,0.09516138,,,,0.10588537,0.1931621
dipole,3,primary,shuffled,3,2,19,0.09526028,0.09516709,-9.318441e-05,-0.002868175506591797,,4.826242,0.09526028,,,,0.106382206,0.1933459,,4.8262367,0.09516709,,,,0.105922304,0.19316961
dipole,3,primary,shuffled,4,0,16,0.09526028,0.09515412,-0.00010615587,-0.00246274471282959,,4.826242,0.09526028,,,,0.106382206,0.1933459,,4.8262444,0.09515412,,,,0.10584651,0.19314992
dipole,3,primary,shuffled,4,1,19,0.09526028,0.09518543,-7.484853e-05,-0.0036939382553100586,,4.826242,0.09526028,,,,0.106382206,0.1933459,,4.8262396,0.09518543,,,,0.106016375,0.19320403
dipole,3,primary,shuffled,4,2,17,0.09526028,0.095180675,-7.9602e-05,-0.0034859180450439453,,4.826242,0.09526028,,,,0.106382206,0.1933459,,4.8262444,0.095180675,,,,0.10599349,0.19319618
dipole,4,primary,null,0,0,,0.08958602,0.08958602,0.0,,,4.377407,0.08958602,,,,0.10211939,0.18198997,,,,,,,,
dipole,4,primary,tda,0,0,78,0.08958602,0.09089308,0.0013070628,-0.04951357841491699,,4.377407,0.08958602,,,,0.10211939,0.18198997,,4.377407,0.09089308,,,,0.105438866,0.18465519
dipole,4,primary,tda,0,1,61,0.08958602,0.090605915,0.0010198951,-0.04216420650482178,,4.377407,0.08958602,,,,0.10211939,0.18198997,,4.3774056,0.090605915,,,,0.10503883,0.18399286
dipole,4,primary,tda,0,2,50,0.08958602,0.09018962,0.00060360134,-0.028072595596313477,,4.377407,0.08958602,,,,0.10211939,0.18198997,,4.3774014,0.09018962,,,,0.104195565,0.18324292
dipole,4,primary,random,0,0,16,0.08958602,0.09009412,0.0005080998,-0.0242692232131958,,4.377407,0.08958602,,,,0.10211939,0.18198997,,4.377406,0.09009412,,,,0.10411668,0.18298632
dipole,4,primary,random,0,1,17,0.08958602,0.09002615,0.00044012815,-0.021722793579101562,,4.377407,0.08958602,,,,0.10211939,0.18198997,,4.377408,0.09002615,,,,0.10387158,0.1828507
dipole,4,primary,random,0,2,16,0.08958602,0.08995681,0.00037079304,-0.01910531520843506,,4.377407,0.08958602,,,,0.10211939,0.18198997,,4.3774076,0.08995681,,,,0.10362333,0.18271276
dipole,4,primary,random,1,0,17,0.08958602,0.09009019,0.00050417334,-0.02406001091003418,,4.377407,0.08958602,,,,0.10211939,0.18198997,,4.377403,0.09009019,,,,0.10409467,0.18298006
dipole,4,primary,random,1,1,17,0.08958602,0.09002006,0.00043404102,-0.02143073081970215,,4.377407,0.08958602,,,,0.10211939,0.18198997,,4.3774037,0.09002006,,,,0.10384389,0.1828381
dipole,4,primary,random,1,2,16,0.08958602,0.0899485,0.0003624782,-0.01884150505065918,,4.377407,0.08958602,,,,0.10211939,0.18198997,,4.3774033,0.0899485,,,,0.10358773,0.18269764
dipole,4,primary,random,2,0,18,0.08958602,0.09002888,0.0004428625,-0.021897435188293457,,4.377407,0.08958602,,,,0.10211939,0.18198997,,4.377402,0.09002888,,,,0.10388325,0.18285741
dipole,4,primary,random,2,1,16,0.08958602,0.090042174,0.00045615435,-0.022345542907714844,,4.377407,0.08958602,,,,0.10211939,0.18198997,,4.377404,0.090042174,,,,0.10394254,0.1828838
dipole,4,primary,random,2,2,16,0.08958602,0.08994268,0.0003566593,-0.01871800422668457,,4.377407,0.08958602,,,,0.10211939,0.18198997,,4.3773956,0.08994268,,,,0.10357897,0.18268798
dipole,4,primary,random,3,0,16,0.08958602,0.09009892,0.00051289797,-0.02443063259124756,,4.377407,0.08958602,,,,0.10211939,0.18198997,,4.377403,0.09009892,,,,0.104133286,0.18299393
dipole,4,primary,random,3,1,16,0.08958602,0.090058394,0.00047237426,-0.02297043800354004,,4.377407,0.08958602,,,,0.10211939,0.18198997,,4.3774066,0.090058394,,,,0.103985175,0.18291351
dipole,4,primary,random,3,2,16,0.08958602,0.089947365,0.0003613457,-0.018854498863220215,,4.377407,0.08958602,,,,0.10211939,0.18198997,,4.3774004,0.089947365,,,,0.10358796,0.1826947
dipole,4,primary,random,4,0,16,0.08958602,0.0901035,0.0005174801,-0.024479150772094727,,4.377407,0.08958602,,,,0.10211939,0.18198997,,4.377405,0.0901035,,,,0.1041458,0.1829996
dipole,4,primary,random,4,1,16,0.08958602,0.090046056,0.0004600361,-0.022360801696777344,,4.377407,0.08958602,,,,0.10211939,0.18198997,,4.3774014,0.090046056,,,,0.10394324,0.18288545
dipole,4,primary,random,4,2,16,0.08958602,0.08995148,0.00036545843,-0.018883228302001953,,4.377407,0.08958602,,,,0.10211939,0.18198997,,4.3774066,0.08995148,,,,0.103602216,0.18269953
dipole,4,primary,shuffled,0,0,19,0.08958602,0.08996914,0.00038312376,-0.01967322826385498,,4.377407,0.08958602,,,,0.10211939,0.18198997,,4.3774004,0.08996914,,,,0.103666954,0.18273942
dipole,4,primary,shuffled,0,1,17,0.08958602,0.08998532,0.00039929897,-0.0203169584274292,,4.377407,0.08958602,,,,0.10211939,0.18198997,,4.3774066,0.08998532,,,,0.10372225,0.18277046
dipole,4,primary,shuffled,0,2,18,0.08958602,0.09006028,0.00047425926,-0.023023009300231934,,4.377407,0.08958602,,,,0.10211939,0.18198997,,4.3774037,0.09006028,,,,0.10398748,0.18291514
dipole,4,primary,shuffled,1,0,19,0.08958602,0.089948624,0.00036260486,-0.018845081329345703,,4.377407,0.08958602,,,,0.10211939,0.18198997,,4.3774,0.089948624,,,,0.103590265,0.18269865
dipole,4,primary,shuffled,1,1,17,0.08958602,0.08998071,0.00039468706,-0.020124435424804688,,4.377407,0.08958602,,,,0.10211939,0.18198997,,4.3774033,0.08998071,,,,0.10370786,0.18276201
dipole,4,primary,shuffled,1,2,24,0.08958602,0.09004801,0.00046198815,-0.02261662483215332,,4.377407,0.08958602,,,,0.10211939,0.18198997,,4.3774123,0.09004801,,,,0.10394063,0.18289985
dipole,4,primary,shuffled,2,0,18,0.08958602,0.08991778,0.00033175945,-0.01765596866607666,,4.377407,0.08958602,,,,0.10211939,0.18198997,,4.377408,0.08991778,,,,0.10348416,0.18264058
dipole,4,primary,shuffled,2,1,17,0.08958602,0.089911334,0.0003253147,-0.017394661903381348,,4.377407,0.08958602,,,,0.10211939,0.18198997,,4.3774023,0.089911334,,,,0.10345786,0.1826259
dipole,4,primary,shuffled,2,2,18,0.08958602,0.08998259,0.00039657205,-0.02008211612701416,,4.377407,0.08958602,,,,0.10211939,0.18198997,,4.3774056,0.08998259,,,,0.10371732,0.1827645
dipole,4,primary,shuffled,3,0,19,0.08958602,0.090008,0.00042197853,-0.021164894104003906,,4.377407,0.08958602,,,,0.10211939,0.18198997,,4.3774023,0.090008,,,,0.10381067,0.18281476
dipole,4,primary,shuffled,3,1,17,0.08958602,0.090011895,0.0004258752,-0.02123439311981201,,4.377407,0.08958602,,,,0.10211939,0.18198997,,4.377408,0.090011895,,,,0.10382274,0.18282032
dipole,4,primary,shuffled,3,2,16,0.08958602,0.08999308,0.00040706247,-0.02053654193878174,,4.377407,0.08958602,,,,0.10211939,0.18198997,,4.3774033,0.08999308,,,,0.103753716,0.18278271
dipole,4,primary,shuffled,4,0,27,0.08958602,0.090045795,0.00045977533,-0.022172212600708008,,4.377407,0.08958602,,,,0.10211939,0.18198997,,4.3774014,0.090045795,,,,0.10391932,0.18288037
dipole,4,primary,shuffled,4,1,21,0.08958602,0.08999947,0.00041344762,-0.02066969871520996,,4.377407,0.08958602,,,,0.10211939,0.18198997,,4.377402,0.08999947,,,,0.1037643,0.18279392
dipole,4,primary,shuffled,4,2,21,0.08958602,0.09008925,0.0005032271,-0.023825526237487793,,4.377407,0.08958602,,,,0.10211939,0.18198997,,4.3774066,0.09008925,,,,0.10408626,0.18297149
polar,0,primary,null,0,0,,2.1734514,2.1734514,0.0,,2.1734514,,,0.84136575,0.56307375,0.60791206,,,,,,,,,,
polar,0,primary,tda,0,0,61,2.1734514,2.1916842596873987,0.01823283604237913,-0.16999089690788194,2.1734514,,,0.84136575,0.56307375,0.60791206,,,2.1916842596873987,,,0.8504167737257219,0.5676060080405221,0.6241250724484082,,
polar,0,primary,tda,0,1,55,2.1734514,2.185606143747382,0.012154720102362404,-0.15291567752489899,2.1734514,,,0.84136575,0.56307375,0.60791206,,,2.185606143747382,,,0.8451531790097615,0.5659605245196887,0.6181531956176984,,
polar,0,primary,tda,0,2,75,2.1734514,2.1878623528292125,0.014410929184192955,-0.15663362026627947,2.1734514,,,0.84136575,0.56307375,0.60791206,,,2.1878623528292125,,,0.84729001697924,0.5664539786258627,0.6210445406122382,,
polar,0,primary,random,0,0,17,2.1734514,2.1871815547881415,0.013730131143121937,-0.1525917902918953,2.1734514,,,0.84136575,0.56307375,0.60791206,,,2.1871815547881415,,,0.8464369823600043,0.5659998863736251,0.618232239834599,,
polar,0,primary,random,0,1,16,2.1734514,2.191853364146054,0.018401940501034275,-0.1567239108127534,2.1734514,,,0.84136575,0.56307375,0.60791206,,,2.191853364146054,,,0.8504547846054263,0.5671429984402431,0.6230825679874705,,
polar,0,primary,random,0,2,16,2.1734514,2.18683657848489,0.013385154839870683,-0.15175952411295257,2.1734514,,,0.84136575,0.56307375,0.60791206,,,2.18683657848489,,,0.8464495677998353,0.565932987807959,0.6181881577059976,,
polar,0,primary,random,1,0,17,2.1734514,2.187353182559162,0.01390175891414236,-0.1527608733132093,2.1734514,,,0.84136575,0.56307375,0.60791206,,,2.187353182559162,,,0.8465692030891897,0.5660464497741637,0.6184490348579238,,
polar,0,primary,random,1,1,18,2.1734514,2.189116271148146,0.015664847503126467,-0.15433089359844088,2.1734514,,,0.84136575,0.56307375,0.60791206,,,2.189116271148146,,,0.8480844220370389,0.5664773308645734,0.6202809506149609,,
polar,0,primary,random,1,2,16,2.1734514,2.186785274107848,0.013333850462828423,-0.15157169850771735,2.1734514,,,0.84136575,0.56307375,0.60791206,,,2.186785274107848,,,0.846482430998786,0.5659242786823566,0.6181756370265304,,
polar,0,primary,random,2,0,17,2.1734514,2.1877463792444445,0.014294955599424952,-0.15316682334861198,2.1734514,,,0.84136575,0.56307375,0.60791206,,,2.1877463792444445,,,0.8468341670235672,0.5661343375354234,0.6187264613937405,,
polar,0,primary,random,2,1,16,2.1734514,2.191768587746689,0.01831716410166928,-0.15659321344141042,2.1734514,,,0.84136575,0.56307375,0.60791206,,,2.191768587746689,,,0.8503776413947574,0.5671110579378337,0.6230419589336118,,
polar,0,primary,random,2,2,16,2.1734514,2.1865741165028076,0.01312269285778811,-0.1511949640704966,2.1734514,,,0.84136575,0.56307375,0.60791206,,,2.1865741165028076,,,0.8463758558660063,0.5658748036319304,0.6179953023088675,,
polar,0,primary,random,3,0,17,2.1734514,2.1875470805397423,0.014095656894722808,-0.15306510123800354,2.1734514,,,0.84136575,0.56307375,0.60791206,,,2.1875470805397423,,,0.8466564624300246,0.566085876748037,0.6184994838914926,,
polar,0,primary,random,3,1,16,2.1734514,2.1915611812017093,0.018109757556689754,-0.15644983881860242,2.1734514,,,0.84136575,0.56307375,0.60791206,,,2.1915611812017093,,,0.8502179629558674,0.5670609923562997,0.6228525997279258,,
polar,0,primary,random,3,2,16,2.1734514,2.186415860136001,0.012964436490981335,-0.1510065353396305,2.1734514,,,0.84136575,0.56307375,0.60791206,,,2.186415860136001,,,0.8462804661133274,0.5658341027732872,0.617889727748653,,
polar,0,primary,random,4,0,17,2.1734514,2.1870779167424317,0.013626493097412151,-0.15249051241393108,2.1734514,,,0.84136575,0.56307375,0.60791206,,,2.1870779167424317,,,0.8463093983307488,0.5659692596532623,0.6181866459842023,,
polar,0,primary,random,4,1,16,2.1734514,2.1914620493440293,0.018010625699009797,-0.1561966556543296,2.1734514,,,0.84136575,0.56307375,0.60791206,,,2.1914620493440293,,,0.8502055314349422,0.5670451717279887,0.6228138590445628,,
polar,0,primary,random,4,2,16,2.1734514,2.1864975312396107,0.013046107594591128,-0.15136719724921455,2.1734514,,,0.84136575,0.56307375,0.60791206,,,2.1864975312396107,,,0.8462168781893484,0.5658504938870746,0.6179056647764011,,
polar,0,primary,shuffled,0,0,31,2.1734514,2.1814833016443806,0.008031877999361114,-0.14525351543730858,2.1734514,,,0.84136575,0.56307375,0.60791206,,,2.1814833016443806,,,0.8427437864170662,0.5646816357997687,0.6132964084589181,,
polar,0,primary,shuffled,0,1,19,2.1734514,2.188301476018308,0.014850052373288403,-0.1544669332790949,2.1734514,,,0.84136575,0.56307375,0.60791206,,,2.188301476018308,,,0.8468428924095688,0.5662612115348648,0.6189046965657543,,
polar,0,primary,shuffled,0,2,23,2.1734514,2.191546234138006,0.018094810492986557,-0.15739570811470027,2.1734514,,,0.84136575,0.56307375,0.60791206,,,2.191546234138006,,,0.8496054605480631,0.5670402301316385,0.6223189205327817,,
polar,0,primary,shuffled,1,0,20,2.1734514,2.1880045242930453,0.01455310064802573,-0.15350747622318472,2.1734514,,,0.84136575,0.56307375,0.60791206,,,2.1880045242930453,,,0.8469786854709409,0.5661887250830449,0.6189784450763719,,
polar,0,primary,shuffled,1,1,18,2.1734514,2.1887447496018546,0.01529332595683508,-0.15462017691037488,2.1734514,,,0.84136575,0.56307375,0.60791206,,,2.1887447496018546,,,0.84732176085747,0.5663598184590126,0.6194845874175264,,
polar,0,primary,shuffled,1,2,19,2.1734514,2.192775694399205,0.019324270754185413,-0.15966028892603112,2.1734514,,,0.84136575,0.56307375,0.60791206,,,2.192775694399205,,,0.849933773662878,0.5672949501468179,0.6228899100392715,,
polar,0,primary,shuffled,2,0,19,2.1734514,2.1871233806977552,0.013671957052735717,-0.15143299231708507,2.1734514,,,0.84136575,0.56307375,0.60791206,,,2.1871233806977552,,,0.84701123499563,0.5660223211332844,0.6187612023969233,,
polar,0,primary,shuffled,2,1,20,2.1734514,2.1880198698174715,0.01456844617245201,-0.15357352138397795,2.1734514,,,0.84136575,0.56307375,0.60791206,,,2.1880198698174715,,,0.8469413423661536,0.5661954092319756,0.6189531536330064,,
polar,0,primary,shuffled,2,2,24,2.1734514,2.1850650756506584,0.011613652005638908,-0.1489461725735166,2.1734514,,,0.84136575,0.56307375,0.60791206,,,2.1850650756506584,,,0.8455715001994958,0.565532314957203,0.6168471684724226,,
polar,0,primary,shuffled,3,0,17,2.1734514,2.1870189513224094,0.01356752767738989,-0.1522684940482072,2.1734514,,,0.84136575,0.56307375,0.60791206,,,2.1870189513224094,,,0.8463583818924726,0.5659721132572301,0.6181522118198487,,
polar,0,primary,shuffled,3,1,18,2.1734514,2.183703996410858,0.010252572765838686,-0.14869914018031472,2.1734514,,,0.84136575,0.56307375,0.60791206,,,2.183703996410858,,,0.8438533280742866,0.5651786220704998,0.6149048601169346,,
polar,0,primary,shuffled,3,2,19,2.1734514,2.1889923719623625,0.015540948317342984,-0.15477186820574174,2.1734514,,,0.84136575,0.56307375,0.60791206,,,2.1889923719623625,,,0.8475986844065,0.5664245996145414,0.6198018914100148,,
polar,0,primary,shuffled,4,0,20,2.1734514,2.1897294025469205,0.01627797890190097,-0.15530256826627364,2.1734514,,,0.84136575,0.56307375,0.60791206,,,2.1897294025469205,,,0.8483595416719236,0.5666118171922656,0.6206635606224288,,
polar,0,primary,shuffled,4,1,18,2.1734514,2.1886455028359215,0.015194079190901988,-0.15406303647584774,2.1734514,,,0.84136575,0.56307375,0.60791206,,,2.1886455028359215,,,0.847580453257626,0.5663534823817148,0.6196792252122056,,
polar,0,primary,shuffled,4,2,20,2.1734514,2.192949412176134,0.01949798853111462,-0.15931252302134935,2.1734514,,,0.84136575,0.56307375,0.60791206,,,2.192949412176134,,,0.8504704786930848,0.5673582350307034,0.6235504859173455,,
polar,1,primary,null,0,0,,2.2561216,2.2561216,0.0,,2.2561216,,,0.8952295,0.5782895,0.6913309,,,,,,,,,,
polar,1,primary,tda,0,0,49,2.2561216,2.3012536411558524,0.045132005718840684,-0.16842270407173354,2.2561216,,,0.8952295,0.5782895,0.6913309,,,2.3012536411558524,,,0.928314433100014,0.5878050232515362,0.7338128690604488,,
polar,1,primary,tda,0,1,48,2.2561216,2.319878681843675,0.06375704640666324,-0.20720164566692678,2.2561216,,,0.8952295,0.5782895,0.6913309,,,2.319878681843675,,,0.9409692783427134,0.5924891647789745,0.7499985449865681,,
polar,1,primary,tda,0,2,68,2.2561216,2.280225938019709,0.024104302582697468,-0.13178341060788518,2.2561216,,,0.8952295,0.5782895,0.6913309,,,2.280225938019709,,,0.9164186008619377,0.58298595814622,0.7138573953411517,,
polar,1,primary,random,0,0,17,2.2561216,2.2386853875033417,-0.017436247933670046,-0.11739867959010186,2.2561216,,,0.8952295,0.5782895,0.6913309,,,2.2386853875033417,,,0.8848221321320557,0.5741400746256676,0.6777375103528033,,
polar,1,primary,random,0,1,16,2.2561216,2.2423391201916583,-0.013782515245353455,-0.1207533410253534,2.2561216,,,0.8952295,0.5782895,0.6913309,,,2.2423391201916583,,,0.8878289605090436,0.575000410143499,0.6812125098108105,,
polar,1,primary,random,0,2,16,2.2561216,2.2389000339644465,-0.01722160147256524,-0.11754664106642287,2.2561216,,,0.8952295,0.5782895,0.6913309,,,2.2389000339644465,,,0.8849976988635598,0.5741924982030436,0.6779331802338997,,
polar,1,primary,random,1,0,17,2.2561216,2.238617882449194,-0.017503752987817922,-0.11734851240624267,2.2561216,,,0.8952295,0.5782895,0.6913309,,,2.238617882449194,,,0.8847730274664786,0.5741363820054487,0.6776519411957189,,
polar,1,primary,random,1,1,16,2.2561216,2.242963666388652,-0.013157969048359863,-0.12150546698284481,2.2561216,,,0.8952295,0.5782895,0.6913309,,,2.242963666388652,,,0.8882661900355193,0.5751499509465804,0.6817778595991139,,
polar,1,primary,random,1,2,16,2.2561216,2.2388757648489466,-0.01724587058806515,-0.11748711735398942,2.2561216,,,0.8952295,0.5782895,0.6913309,,,2.2388757648489466,,,0.8850607575830084,0.5741918342647079,0.677969185323326,,
polar,1,primary,random,2,0,17,2.2561216,2.238694978074386,-0.01742665736262561,-0.11735734079502436,2.2561216,,,0.8952295,0.5782895,0.6913309,,,2.238694978074386,,,0.8848367230692925,0.5741342765917288,0.6777851021112378,,
polar,1,primary,random,2,1,16,2.2561216,2.2428559109548916,-0.013265724482120156,-0.12136922693628371,2.2561216,,,0.8952295,0.5782895,0.6913309,,,2.2428559109548916,,,0.8881963736095925,0.5751116564293958,0.6816950793703048,,
polar,1,primary,random,2,2,16,2.2561216,2.2383073803371665,-0.017814255099845244,-0.11679073136627449,2.2561216,,,0.8952295,0.5782895,0.6913309,,,2.2383073803371665,,,0.8846525993413727,0.5740422283806065,0.6775189659427594,,
polar,1,primary,random,3,0,17,2.2561216,2.2386456495304627,-0.017475985906548974,-0.1173945567170982,2.2561216,,,0.8952295,0.5782895,0.6913309,,,2.2386456495304627,,,0.8847805700895895,0.5741408229028142,0.6776527650305706,,
polar,1,primary,random,3,1,16,2.2561216,2.2420480576271418,-0.014073577809869953,-0.1203963027591447,2.2561216,,,0.8952295,0.5782895,0.6913309,,,2.2420480576271418,,,0.8876485818200902,0.5749335140987596,0.6809840699664833,,
polar,1,primary,random,3,2,16,2.2561216,2.238764817012305,-0.0173568184247066,-0.11737588065138338,2.2561216,,,0.8952295,0.5782895,0.6913309,,,2.238764817012305,,,0.8849481520480027,0.574163458057169,0.6778102216493255,,
polar,1,primary,random,4,0,16,2.2561216,2.2454217842180495,-0.01069985121896222,-0.12464975606885476,2.2561216,,,0.8952295,0.5782895,0.6913309,,,2.2454217842180495,,,0.8897404991873259,0.5757278900996997,0.6837482942756141,,
polar,1,primary,random,4,1,16,2.2561216,2.2431747354018876,-0.01294690003512411,-0.12171289765408566,2.2561216,,,0.8952295,0.5782895,0.6913309,,,2.2431747354018876,,,0.888415269907797,0.5751955356735171,0.6819413499066533,,
polar,1,primary,random,4,2,16,2.2561216,2.2382861792781807,-0.017835456158830976,-0.11683571153606576,2.2561216,,,0.8952295,0.5782895,0.6913309,,,2.2382861792781807,,,0.8846552767600114,0.574049625435495,0.6774578323939027,,
polar,1,primary,shuffled,0,0,22,2.2561216,2.23586491718925,-0.02025671824776154,-0.1140649941421471,2.2561216,,,0.8952295,0.5782895,0.6913309,,,2.23586491718925,,,0.8829265880233343,0.5734853030553331,0.6753270704465602,,
polar,1,primary,shuffled,0,1,24,2.2561216,2.235818296838868,-0.020303338598143927,-0.11405117627230332,2.2561216,,,0.8952295,0.5782895,0.6913309,,,2.235818296838868,,,0.8828094195029131,0.5734696248198445,0.6752158333659306,,
polar,1,primary,shuffled,0,2,21,2.2561216,2.2409832694776437,-0.015138365959368016,-0.11981280777202041,2.2561216,,,0.8952295,0.5782895,0.6913309,,,2.2409832694776437,,,0.8865494275738104,0.5746868521735533,0.6798278881740583,,
polar,1,primary,shuffled,1,0,19,2.2561216,2.2381252403739227,-0.017996395063089032,-0.11674535877175507,2.2561216,,,0.8952295,0.5782895,0.6913309,,,2.2381252403739227,,,0.884439193562314,0.5740074968697917,0.6772341537612183,,
polar,1,primary,shuffled,1,1,18,2.2561216,2.238322225245029,-0.017799410191982723,-0.1173109558995008,2.2561216,,,0.8952295,0.5782895,0.6913309,,,2.238322225245029,,,0.8844492937754339,0.5740647125409626,0.6772619281308464,,
polar,1,primary,shuffled,1,2,18,2.2561216,2.2429718331591126,-0.01314980227789908,-0.12252105947896041,2.2561216,,,0.8952295,0.5782895,0.6913309,,,2.2429718331591126,,,0.8876944487016631,0.5751496347667518,0.6813698785159706,,
polar,1,primary,shuffled,2,0,17,2.2561216,2.2390111099835037,-0.017110525453507996,-0.11761121012523112,2.2561216,,,0.8952295,0.5782895,0.6913309,,,2.2390111099835037,,,0.8851459441782575,0.5742188790189231,0.678110226174002,,
polar,1,primary,shuffled,2,1,22,2.2561216,2.240563652032897,-0.01555798340411485,-0.1197492301181452,2.2561216,,,0.8952295,0.5782895,0.6913309,,,2.240563652032897,,,0.8860652549301175,0.5745965552003172,0.6793015330459917,,
polar,1,primary,shuffled,2,2,21,2.2561216,2.2406683858329286,-0.015453249604083119,-0.11964168198337355,2.2561216,,,0.8952295,0.5782895,0.6913309,,,2.2406683858329286,,,0.8862624658592956,0.5746191382577077,0.6794744616849479,,
polar,1,primary,shuffled,3,0,18,2.2561216,2.2405751133054155,-0.015546522131596241,-0.11913529566943215,2.2561216,,,0.8952295,0.5782895,0.6913309,,,2.2405751133054155,,,0.8864161648652275,0.5745800054058358,0.6795718623196064,,
polar,1,primary,shuffled,3,1,19,2.2561216,2.23953051780158,-0.01659111763543164,-0.11848352315634414,2.2561216,,,0.8952295,0.5782895,0.6913309,,,2.23953051780158,,,0.8853776781338866,0.5743450400782155,0.678455459377632,,
polar,1,primary,shuffled,3,2,21,2.2561216,2.2376905562594698,-0.018431079177541942,-0.11567556846719929,2.2561216,,,0.8952295,0.5782895,0.6913309,,,2.2376905562594698,,,0.8844826478206711,0.5739093720121756,0.6771214736350785,,
polar,1,primary,shuffled,4,0,18,2.2561216,2.2365483813044533,-0.019573254132558393,-0.114600090588304,2.2561216,,,0.8952295,0.5782895,0.6913309,,,2.2365483813044533,,,0.8835826170515727,0.5736416995351196,0.6760540916591729,,
polar,1,primary,shuffled,4,1,19,2.2561216,2.2374773751851547,-0.01864426025185706,-0.11598916683444516,2.2561216,,,0.8952295,0.5782895,0.6913309,,,2.2374773751851547,,,0.8840486784281761,0.5738607979375658,0.676711690084578,,
polar,1,primary,shuffled,4,2,19,2.2561216,2.2397714895667726,-0.016350145870239086,-0.11862140393861442,2.2561216,,,0.8952295,0.5782895,0.6913309,,,2.2397714895667726,,,0.8856227086251612,0.5743986093280392,0.6787018467752036,,
polar,2,primary,null,0,0,,1.8229272,1.8229272,0.0,,1.8229272,,,0.6776971,0.4746316,0.4252307,,,,,,,,,,
polar,2,primary,tda,0,0,21,1.8229272,1.824915813255801,0.0019885766987941533,-0.03167329341088809,1.8229272,,,0.6776971,0.4746316,0.4252307,,,1.824915813255801,,,0.6788105412554244,0.4749193719626545,0.4316619641081923,,
polar,2,primary,tda,0,1,19,1.8229272,1.823354744358487,0.00042750780148015366,-0.029779174756058957,1.8229272,,,0.6776971,0.4746316,0.4252307,,,1.823354744358487,,,0.6774654433340943,0.47449332957251106,0.4298998494661409,,
polar,2,primary,tda,0,2,22,1.8229272,1.8266535566099846,0.003726320052977794,-0.036115572852853606,1.8229272,,,0.6776971,0.4746316,0.4252307,,,1.8266535566099846,,,0.679855154942406,0.4753867187836936,0.43277584806734753,,
polar,2,primary,random,0,0,17,1.8229272,1.8222584930087644,-0.0006687435482424231,-0.025513935623564077,1.8229272,,,0.6776971,0.4746316,0.4252307,,,1.8222584930087644,,,0.6764526776133472,0.47433895364875955,0.42668155523158485,,
polar,2,primary,random,0,1,16,1.8229272,1.8230332359270935,0.00010599937008670679,-0.026484832395049174,1.8229272,,,0.6776971,0.4746316,0.4252307,,,1.8230332359270935,,,0.6771672623378029,0.474562187501865,0.42726949895082095,,
polar,2,primary,random,0,2,16,1.8229272,1.8217849664879884,-0.0011422700690184584,-0.02462876233720812,1.8229272,,,0.6776971,0.4746316,0.4252307,,,1.8217849664879884,,,0.6760601612772583,0.4742058504862934,0.42629515181198596,,
polar,2,primary,random,1,0,17,1.8229272,1.822369604836997,-0.0005576317200097769,-0.025715535226334962,1.8229272,,,0.6776971,0.4746316,0.4252307,,,1.822369604836997,,,0.6765397737563072,0.4743697371746567,0.4267531408667876,,
polar,2,primary,random,1,1,18,1.8229272,1.8224050052055054,-0.0005222313515014232,-0.025893698866354287,1.8229272,,,0.6776971,0.4746316,0.4252307,,,1.8224050052055054,,,0.6765480407315254,0.47437718325712813,0.4268298691495102,,
polar,2,primary,random,1,2,16,1.8229272,1.8219820644679507,-0.00094517208905609,-0.024904955234572368,1.8229272,,,0.6776971,0.4746316,0.4252307,,,1.8219820644679507,,,0.6762132269575956,0.47426081429079014,0.42645462813578416,,
polar,2,primary,random,2,0,17,1.8229272,1.8223754809446533,-0.0005517556123535439,-0.02587354108503248,1.8229272,,,0.6776971,0.4746316,0.4252307,,,1.8223754809446533,,,0.6765090524205595,0.47436094930056416,0.42676760654270457,,
polar,2,primary,random,2,1,16,1.8229272,1.8229055547325244,-2.1681824482477907e-05,-0.026301829892024342,1.8229272,,,0.6776971,0.4746316,0.4252307,,,1.8229055547325244,,,0.6770099391368349,0.4745197015061053,0.4271508856698771,,
polar,2,primary,random,2,2,16,1.8229272,1.821857859431213,-0.0010693771257939133,-0.02476556749865988,1.8229272,,,0.6776971,0.4746316,0.4252307,,,1.821857859431213,,,0.6761099908990801,0.47421772549339186,0.4263627043361468,,
polar,2,primary,random,3,0,17,1.8229272,1.8223352141028837,-0.0005920224541231534,-0.025783784751343353,1.8229272,,,0.6776971,0.4746316,0.4252307,,,1.8223352141028837,,,0.6765038494072193,0.47436087192054227,0.42676872535436383,,
polar,2,primary,random,3,1,16,1.8229272,1.8230193104836472,9.207392664034586e-05,-0.02664050708563881,1.8229272,,,0.6776971,0.4746316,0.4252307,,,1.8230193104836472,,,0.6771147843771036,0.47455708647094547,0.42729744707222417,,
polar,2,primary,random,3,2,16,1.8229272,1.82194899552761,-0.0009782410293968091,-0.024951438060277886,1.8229272,,,0.6776971,0.4746316,0.4252307,,,1.82194899552761,,,0.6761987536333395,0.47425780548367125,0.42643077740407986,,
polar,2,primary,random,4,0,17,1.8229272,1.8222581162531095,-0.0006691203038973192,-0.025599046663264402,1.8229272,,,0.6776971,0.4746316,0.4252307,,,1.8222581162531095,,,0.6764276172062494,0.4743419326173287,0.42667573978623907,,
polar,2,primary,random,4,1,16,1.8229272,1.8229136216615183,-1.3614895488567313e-05,-0.026334448254692444,1.8229272,,,0.6776971,0.4746316,0.4252307,,,1.8229136216615183,,,0.6770364063658647,0.4745299106552811,0.42717955418487524,,
polar,2,primary,random,4,2,16,1.8229272,1.8219144277279133,-0.0010128088290934922,-0.024968017364394135,1.8229272,,,0.6776971,0.4746316,0.4252307,,,1.8219144277279133,,,0.6761342592237414,0.4742392015781091,0.42640811371546034,,
polar,2,primary,shuffled,0,0,17,1.8229272,1.8222766922830682,-0.0006505442739386247,-0.025458998008349498,1.8229272,,,0.6776971,0.4746316,0.4252307,,,1.8222766922830682,,,0.676470813014603,0.4743489581273575,0.4266922329082783,,
polar,2,primary,shuffled,0,1,19,1.8229272,1.8217664473783295,-0.001160789178677346,-0.0250600465525761,1.8229272,,,0.6776971,0.4746316,0.4252307,,,1.8217664473783295,,,0.6759881502320857,0.4741980013666052,0.4262952023130709,,
polar,2,primary,shuffled,0,2,16,1.8229272,1.8219363526283412,-0.0009908839286656423,-0.025456130690373113,1.8229272,,,0.6776971,0.4746316,0.4252307,,,1.8219363526283412,,,0.6761199857707371,0.4742357946581306,0.42645917759104796,,
polar,2,primary,shuffled,1,0,18,1.8229272,1.8219574258073385,-0.0009698107496682873,-0.025459628077457497,1.8229272,,,0.6776971,0.4746316,0.4252307,,,1.8219574258073385,,,0.6761241082627203,0.4742457972941383,0.4265044146706745,,
polar,2,primary,shuffled,1,1,23,1.8229272,1.8223973831043536,-0.0005298534526532173,-0.02604498685152401,1.8229272,,,0.6776971,0.4746316,0.4252307,,,1.8223973831043536,,,0.6765238754301318,0.47436713072807607,0.4268507884851539,,
polar,2,primary,shuffled,1,2,27,1.8229272,1.8229531045684073,2.586801140047612e-05,-0.027552076148731564,1.8229272,,,0.6776971,0.4746316,0.4252307,,,1.8229531045684073,,,0.6769070314889892,0.4745188753633853,0.4273356277342867,,
polar,2,primary,shuffled,2,0,18,1.8229272,1.8222542330198523,-0.0006730035371544929,-0.026178844654633493,1.8229272,,,0.6776971,0.4746316,0.4252307,,,1.8222542330198523,,,0.6763576992772582,0.4743362487550708,0.4267487817700531,,
polar,2,primary,shuffled,2,1,18,1.8229272,1.8224112310721505,-0.0005160054848563078,-0.0266369815900257,1.8229272,,,0.6776971,0.4746316,0.4252307,,,1.8224112310721505,,,0.6764478991513964,0.47436945775858946,0.4268845349689858,,
polar,2,primary,shuffled,2,2,21,1.8229272,1.823150512997635,0.00022327644062825058,-0.028285514896360442,1.8229272,,,0.6776971,0.4746316,0.4252307,,,1.823150512997635,,,0.6769882760072978,0.474569943487976,0.4275604458305299,,
polar,2,primary,shuffled,3,0,22,1.8229272,1.8219045792338617,-0.0010226573231451042,-0.025669420285919897,1.8229272,,,0.6776971,0.4746316,0.4252307,,,1.8219045792338617,,,0.6760566259128677,0.47422527606595566,0.42648953987071736,,
polar,2,primary,shuffled,3,1,23,1.8229272,1.8223192043867258,-0.0006080321702810476,-0.026066411323432126,1.8229272,,,0.6776971,0.4746316,0.4252307,,,1.8223192043867258,,,0.6764551514584669,0.4743536623551989,0.4267636421413593,,
polar,2,primary,shuffled,3,2,17,1.8229272,1.8227460777572027,-0.00018115879980418192,-0.027511022633867954,1.8229272,,,0.6776971,0.4746316,0.4252307,,,1.8227460777572027,,,0.6767227661483806,0.474461346279908,0.4272304411465224,,
polar,2,primary,shuffled,4,0,18,1.8229272,1.8217608094977713,-0.0011664270592355308,-0.024367163939688408,1.8229272,,,0.6776971,0.4746316,0.4252307,,,1.8217608094977713,,,0.6760762803541773,0.4742050024247444,0.42628574974693173,,
polar,2,primary,shuffled,4,1,20,1.8229272,1.8214704387018974,-0.0014567978551094374,-0.02395161054179884,1.8229272,,,0.6776971,0.4746316,0.4252307,,,1.8214704387018974,,,0.6758084919995322,0.4741246462941687,0.4260477453035003,,
polar,2,primary,shuffled,4,2,20,1.8229272,1.8224290161404217,-0.0004982204165850934,-0.02618502194408323,1.8229272,,,0.6776971,0.4746316,0.4252307,,,1.8224290161404217,,,0.6765486024642268,0.4743883577249894,0.4268863738438145,,
polar,3,primary,null,0,0,,2.181756,2.181756,0.0,,2.181756,,,0.8985548,0.5618163,0.7352833,,,,,,,,,,
polar,3,primary,tda,0,0,23,2.181756,2.238711739970058,0.056955720377772856,-0.25383494612973845,2.181756,,,0.8985548,0.5618163,0.7352833,,,2.238711739970058,,,0.9367985629543054,0.5748983478987932,0.7850783826001655,,
polar,3,primary,tda,0,1,27,2.181756,2.2124887815312855,0.03073276193900032,-0.21757619185807808,2.181756,,,0.8985548,0.5618163,0.7352833,,,2.2124887815312855,,,0.9196518391831507,0.5689231133656315,0.7638101658813499,,
polar,3,primary,tda,0,2,23,2.181756,2.21857888282817,0.036822863235884906,-0.2272815744943919,2.181756,,,0.8985548,0.5618163,0.7352833,,,2.21857888282817,,,0.923329180838712,0.5703273027903831,0.7686729464224514,,
polar,3,primary,random,0,0,17,2.181756,2.2751829042042466,0.09342688461196147,-0.30734668724998815,2.181756,,,0.8985548,0.5618163,0.7352833,,,2.2751829042042466,,,0.9585874746856593,0.5830904785361454,0.8132500757512204,,
polar,3,primary,random,0,1,16,2.181756,2.2777527859883446,0.09599676639605947,-0.3089487607303196,2.181756,,,0.8985548,0.5618163,0.7352833,,,2.2777527859883446,,,0.9609169634311373,0.5836841874327933,0.8156042288398121,,
polar,3,primary,random,0,2,16,2.181756,2.272504547479266,0.09074852788698085,-0.30407747013667497,2.181756,,,0.8985548,0.5618163,0.7352833,,,2.272504547479266,,,0.9570417094719378,0.5824861047936822,0.8111333553832644,,
polar,3,primary,random,1,0,16,2.181756,2.2800676779310725,0.0983116583387873,-0.3116064073582495,2.181756,,,0.8985548,0.5618163,0.7352833,,,2.2800676779310725,,,0.9623366496187424,0.584209036836469,0.8174826038271998,,
polar,3,primary,random,1,1,16,2.181756,2.277436710009219,0.09568069041693406,-0.30861857953735417,2.181756,,,0.8985548,0.5618163,0.7352833,,,2.277436710009219,,,0.9607259154153241,0.5836146373765713,0.8153356901173452,,
polar,3,primary,random,1,2,16,2.181756,2.2725048325522796,0.09074881295999448,-0.3041395693848419,2.181756,,,0.8985548,0.5618163,0.7352833,,,2.2725048325522796,,,0.9569787573872709,0.5824828579496988,0.8110940750157738,,
polar,3,primary,random,2,0,17,2.181756,2.274924231080252,0.09316821148796706,-0.3070356581823004,2.181756,,,0.8985548,0.5618163,0.7352833,,,2.274924231080252,,,0.9584492375428348,0.5830329821768889,0.8130693533083556,,
polar,3,primary,random,2,1,16,2.181756,2.2772795846035057,0.0955235650112205,-0.30848763585679095,2.181756,,,0.8985548,0.5618163,0.7352833,,,2.2772795846035057,,,0.9605908788269338,0.5835758545459636,0.8151928295370328,,
polar,3,primary,random,2,2,16,2.181756,2.2727400420993926,0.09098402250710746,-0.30440318529641863,2.181756,,,0.8985548,0.5618163,0.7352833,,,2.2727400420993926,,,0.9571607863924717,0.5825366446466763,0.811317281378859,,
polar,3,primary,random,3,0,16,2.181756,2.280751098668036,0.09899507907575078,-0.3124011768961861,2.181756,,,0.8985548,0.5618163,0.7352833,,,2.280751098668036,,,0.9628111987424752,0.5843750754270629,0.8180256043086386,,
polar,3,primary,random,3,1,16,2.181756,2.2776178690667934,0.09586184947450826,-0.30884692443839756,2.181756,,,0.8985548,0.5618163,0.7352833,,,2.2776178690667934,,,0.9608334838138336,0.5836577643341412,0.8154721439999842,,
polar,3,primary,random,3,2,16,2.181756,2.272320346136567,0.09056432654428193,-0.30381003504542337,2.181756,,,0.8985548,0.5618163,0.7352833,,,2.272320346136567,,,0.9569282293533521,0.5824461568988232,0.8109767498135187,,
polar,3,primary,random,4,0,17,2.181756,2.2747473908104396,0.09299137121815448,-0.30686171471075574,2.181756,,,0.8985548,0.5618163,0.7352833,,,2.2747473908104396,,,0.9583273295727627,0.5829859717146217,0.8129361151950497,,
polar,3,primary,random,4,1,16,2.181756,2.2779092105124095,0.09615319092012431,-0.309213108285055,2.181756,,,0.8985548,0.5618163,0.7352833,,,2.2779092105124095,,,0.9609889732253282,0.5837173440645764,0.8157232215213875,,
polar,3,primary,random,4,2,16,2.181756,2.273148248607879,0.09139222901559396,-0.30458078713864123,2.181756,,,0.8985548,0.5618163,0.7352833,,,2.273148248607879,,,0.9575467621300273,0.5826284908954091,0.8116947776810587,,
polar,3,primary,shuffled,0,0,25,2.181756,2.2735343931964076,0.09177837360412244,-0.3050454007173893,2.181756,,,0.8985548,0.5618163,0.7352833,,,2.2735343931964076,,,0.9578344891533743,0.5827142923256907,0.8120033292497826,,
polar,3,primary,shuffled,0,1,25,2.181756,2.2745035014605337,0.09274748186824855,-0.3068717585757663,2.181756,,,0.8985548,0.5618163,0.7352833,,,2.2745035014605337,,,0.958021565876492,0.5829316310603985,0.8126331364557734,,
polar,3,primary,shuffled,0,2,21,2.181756,2.2756106964741147,0.09385467688182958,-0.3072911345150976,2.181756,,,0.8985548,0.5618163,0.7352833,,,2.2756106964741147,,,0.9592076246278846,0.5831937883598893,0.8137421714253172,,
polar,3,primary,shuffled,1,0,18,2.181756,2.2694908799528477,0.08773486036056255,-0.30141684143335923,2.181756,,,0.8985548,0.5618163,0.7352833,,,2.2694908799528477,,,0.9547236695520506,0.5817924374404672,0.8085460907113406,,
polar,3,primary,shuffled,1,1,18,2.181756,2.269417565498639,0.08766154590635367,-0.30199802223972483,2.181756,,,0.8985548,0.5618163,0.7352833,,,2.269417565498639,,,0.9543324054957321,0.5817655899885031,0.8083430138207918,,
polar,3,primary,shuffled,1,2,20,2.181756,2.2742042855423006,0.09244826595001543,-0.306004960352145,2.181756,,,0.8985548,0.5618163,0.7352833,,,2.2742042855423006,,,0.958124854786876,0.5828743539036652,0.8124939354170175,,
polar,3,primary,shuffled,2,0,20,2.181756,2.271627889961764,0.08987187036947875,-0.30267191975078744,2.181756,,,0.8985548,0.5618163,0.7352833,,,2.271627889961764,,,0.9566794704380652,0.5822842550301237,0.8104410133805885,,
polar,3,primary,shuffled,2,1,17,2.181756,2.2728294221141527,0.09107340252186757,-0.3053858975790459,2.181756,,,0.8985548,0.5618163,0.7352833,,,2.2728294221141527,,,0.9567489681193284,0.5825551596156144,0.8111704229847894,,
polar,3,primary,shuffled,2,2,18,2.181756,2.2757919718163064,0.09403595222402128,-0.3077786657697116,2.181756,,,0.8985548,0.5618163,0.7352833,,,2.2757919718163064,,,0.9591408386884657,0.5832319635366736,0.8138236616707095,,
polar,3,primary,shuffled,3,0,20,2.181756,2.2707913245297844,0.08903530493749923,-0.3023019720724244,2.181756,,,0.8985548,0.5618163,0.7352833,,,2.2707913245297844,,,0.9558300873328355,0.5820896147556095,0.8096963960024898,,
polar,3,primary,shuffled,3,1,18,2.181756,2.271841374241447,0.09008535464916179,-0.30421385058687556,2.181756,,,0.8985548,0.5618163,0.7352833,,,2.271841374241447,,,0.9561519009297165,0.5823241858735773,0.8104063836951058,,
polar,3,primary,shuffled,3,2,18,2.181756,2.276063309203675,0.09430728961138968,-0.30783319228779915,2.181756,,,0.8985548,0.5618163,0.7352833,,,2.276063309203675,,,0.9594215870611918,0.5832959238808735,0.8140725508901436,,
polar,3,primary,shuffled,4,0,20,2.181756,2.2719750108423495,0.09021899125006438,-0.303822368057053,2.181756,,,0.8985548,0.5618163,0.7352833,,,2.2719750108423495,,,0.9565081118648611,0.5823576225927041,0.8106171919512909,,
polar,3,primary,shuffled,4,1,17,2.181756,2.272539165222973,0.09078314563068801,-0.3052978428651222,2.181756,,,0.8985548,0.5618163,0.7352833,,,2.272539165222973,,,0.9564381136112248,0.5824831015785271,0.8108916118932119,,
polar,3,primary,shuffled,4,2,34,2.181756,2.2716173386426086,0.08986131905032346,-0.30251929812377865,2.181756,,,0.8985548,0.5618163,0.7352833,,,2.2716173386426086,,,0.9567792847553084,0.5822908640940295,0.8103886565257926,,
polar,4,primary,null,0,0,,2.0783973,2.0783973,0.0,,2.0783973,,,0.7868647,0.5398866,0.5544394,,,,,,,,,,
polar,4,primary,tda,0,0,22,2.0783973,2.110101001162943,0.03170372714560887,-0.09889782986922713,2.0783973,,,0.7868647,0.5398866,0.5544394,,,2.110101001162943,,,0.8103736035438858,0.5476775667726946,0.5840080626597633,,
polar,4,primary,tda,0,1,27,2.0783973,2.1206877511971878,0.04229047717985379,-0.11579255714283321,2.0783973,,,0.7868647,0.5398866,0.5544394,,,2.1206877511971878,,,0.8177458311045922,0.5501067487291995,0.5943920118966811,,
polar,4,primary,tda,0,2,26,2.0783973,2.1204893393776043,0.042092065360270325,-0.1167428712105989,2.0783973,,,0.7868647,0.5398866,0.5544394,,,2.1204893393776043,,,0.8172515169912004,0.550180194520809,0.5933181943568795,,
polar,4,primary,random,0,0,17,2.0783973,2.132347551752567,0.05395027773523298,-0.13511134584515283,2.0783973,,,0.7868647,0.5398866,0.5544394,,,2.132347551752567,,,0.8248278388879754,0.5528835953874192,0.6030924223438482,,
polar,4,primary,random,0,1,16,2.0783973,2.134681624029767,0.05628435001243304,-0.13710953143240723,2.0783973,,,0.7868647,0.5398866,0.5544394,,,2.134681624029767,,,0.8268389409627712,0.5534343623477233,0.6052858257529303,,
polar,4,primary,random,0,2,16,2.0783973,2.1326115903308263,0.05421431631349227,-0.13487709634486356,2.0783973,,,0.7868647,0.5398866,0.5544394,,,2.1326115903308263,,,0.8252428753590878,0.5529505289365835,0.6033583762683256,,
polar,4,primary,random,1,0,17,2.0783973,2.132277019096293,0.05387974507895921,-0.13498505226037116,2.0783973,,,0.7868647,0.5398866,0.5544394,,,2.132277019096293,,,0.8247945819671968,0.5528745149258539,0.6030241950819095,,
polar,4,primary,random,1,1,16,2.0783973,2.134785821174915,0.056388547157581126,-0.13732678496231498,2.0783973,,,0.7868647,0.5398866,0.5544394,,,2.134785821174915,,,0.8269003885508497,0.5534645988405873,0.6053779654694146,,
polar,4,primary,random,1,2,16,2.0783973,2.132830756930558,0.05443348291322403,-0.135263355339713,2.0783973,,,0.7868647,0.5398866,0.5544394,,,2.132830756930558,,,0.8253647535871297,0.5530064453461248,0.6035538974849258,,
polar,4,primary,random,2,0,17,2.0783973,2.132275250227289,0.05387797620995505,-0.13509530011285276,2.0783973,,,0.7868647,0.5398866,0.5544394,,,2.132275250227289,,,0.8247626266428653,0.5528737715178598,0.6029960041445338,,
polar,4,primary,random,2,1,16,2.0783973,2.1345433408001044,0.056146066782770454,-0.13701944064972904,2.0783973,,,0.7868647,0.5398866,0.5544394,,,2.1345433408001044,,,0.8267307230202494,0.5534077084358794,0.6051690380091064,,
polar,4,primary,random,2,2,16,2.0783973,2.132681213647291,0.05428393962995681,-0.13492194803030633,2.0783973,,,0.7868647,0.5398866,0.5544394,,,2.132681213647291,,,0.8252957267640836,0.5529720889400979,0.6034374462225923,,
polar,4,primary,random,3,0,17,2.0783973,2.1324450308092096,0.05404775679187557,-0.13524145157900103,2.0783973,,,0.7868647,0.5398866,0.5544394,,,2.1324450308092096,,,0.8248837824083766,0.5529092840118922,0.6031828552795069,,
polar,4,primary,random,3,1,16,2.0783973,2.1349213990302722,0.05652412501293824,-0.13753286839676138,2.0783973,,,0.7868647,0.5398866,0.5544394,,,2.1349213990302722,,,0.8269740621265071,0.55349710145404,0.6054938528882904,,
polar,4,primary,random,3,2,16,2.0783973,2.1325430251611186,0.054145751143784615,-0.13481584805927183,2.0783973,,,0.7868647,0.5398866,0.5544394,,,2.1325430251611186,,,0.8251961115156272,0.5529322575747917,0.6033419815546014,,
polar,4,primary,random,4,0,17,2.0783973,2.132392360792805,0.053995086775470824,-0.13522473800453538,2.0783973,,,0.7868647,0.5398866,0.5544394,,,2.132392360792805,,,0.824844089820807,0.5528984820244378,0.6031171309409428,,
polar,4,primary,random,4,1,18,2.0783973,2.133949615181837,0.055552341164502916,-0.13715833916032716,2.0783973,,,0.7868647,0.5398866,0.5544394,,,2.133949615181837,,,0.8259484780403341,0.5532684839216059,0.604528857327328,,
polar,4,primary,random,4,2,16,2.0783973,2.132497595501299,0.05410032148396482,-0.13480011983758622,2.0783973,,,0.7868647,0.5398866,0.5544394,,,2.132497595501299,,,0.8251545964543887,0.5529253963374663,0.6032814576784735,,
polar,4,primary,shuffled,0,0,20,2.0783973,2.1339589420445972,0.055561668027263256,-0.13693960299284746,2.0783973,,,0.7868647,0.5398866,0.5544394,,,2.1339589420445972,,,0.8260481419756728,0.5532803782273785,0.6045626243311643,,
polar,4,primary,shuffled,0,1,18,2.0783973,2.131964544860366,0.053567270843032144,-0.1352424306999932,2.0783973,,,0.7868647,0.5398866,0.5544394,,,2.131964544860366,,,0.8243239950204323,0.5528071797279855,0.6026366330611973,,
polar,4,primary,shuffled,0,2,19,2.0783973,2.1351677378482106,0.05677046383087658,-0.13888502963223603,2.0783973,,,0.7868647,0.5398866,0.5544394,,,2.1351677378482106,,,0.8267113280512601,0.5535598679687959,0.6056420730186426,,
polar,4,primary,shuffled,1,0,17,2.0783973,2.131247864361501,0.05285059034416717,-0.13381613851131324,2.0783973,,,0.7868647,0.5398866,0.5544394,,,2.131247864361501,,,0.8240245608338782,0.5526211291444878,0.6020966406808088,,
polar,4,primary,shuffled,1,1,20,2.0783973,2.133316376465456,0.054919102448121926,-0.1364215844612361,2.0783973,,,0.7868647,0.5398866,0.5544394,,,2.133316376465456,,,0.8254951670998147,0.5531183730807404,0.6039883585984759,,
polar,4,primary,shuffled,1,2,17,2.0783973,2.135610924528504,0.05721365051117022,-0.13914228862392053,2.0783973,,,0.7868647,0.5398866,0.5544394,,,2.135610924528504,,,0.8271829884496537,0.553656848228811,0.6061009509872921,,
polar,4,primary,shuffled,2,0,21,2.0783973,2.1333853246071066,0.05498805058977263,-0.1359936369364083,2.0783973,,,0.7868647,0.5398866,0.5544394,,,2.1333853246071066,,,0.8257644619180364,0.5531328992351657,0.6040739656511281,,
polar,4,primary,shuffled,2,1,20,2.0783973,2.133258774088707,0.054861500071373026,-0.13636093446584086,2.0783973,,,0.7868647,0.5398866,0.5544394,,,2.133258774088707,,,0.825438537566701,0.5531014154604972,0.6039205799041126,,
polar,4,primary,shuffled,2,2,19,2.0783973,2.1350816718358416,0.05668439781850765,-0.1386558075654064,2.0783973,,,0.7868647,0.5398866,0.5544394,,,2.1350816718358416,,,0.8267295155996218,0.553533933685358,0.6055832213812199,,
polar,4,primary,shuffled,3,0,17,2.0783973,2.132662859636745,0.054265585619411194,-0.1353811586413869,2.0783973,,,0.7868647,0.5398866,0.5544394,,,2.132662859636745,,,0.8251265855353739,0.5529667267890536,0.6033843755662205,,
polar,4,primary,shuffled,3,1,20,2.0783973,2.132194630427783,0.053797356410449026,-0.13519327278338988,2.0783973,,,0.7868647,0.5398866,0.5544394,,,2.132194630427783,,,0.824627581950003,0.5528524543292077,0.6029186959748661,,
polar,4,primary,shuffled,3,2,19,2.0783973,2.1353535820748584,0.056956308057524385,-0.13908570870304904,2.0783973,,,0.7868647,0.5398866,0.5544394,,,2.1353535820748584,,,0.8268639896120406,0.5535990888519934,0.6058078432206598,,
polar,4,primary,shuffled,4,0,21,2.0783973,2.133453943258004,0.055056669240669986,-0.13615109146357995,2.0783973,,,0.7868647,0.5398866,0.5544394,,,2.133453943258004,,,0.8257505955399532,0.5531580939048318,0.604102408046338,,
polar,4,primary,shuffled,4,1,18,2.0783973,2.132678977174798,0.054281703157463834,-0.13571757939892015,2.0783973,,,0.7868647,0.5398866,0.5544394,,,2.132678977174798,,,0.8249965314415766,0.5529664309636068,0.6033843763992088,,
polar,4,primary,shuffled,4,2,19,2.0783973,2.1348175363767465,0.056420262359412554,-0.13820969457986332,2.0783973,,,0.7868647,0.5398866,0.5544394,,,2.1348175363767465,,,0.8265809009321273,0.5534705483758247,0.6053515898954603,,
