property,seed,basis,arm,realization,alpha,baseline,corrected,delta,probe_r2_mean,coef_mae_mean,spearman_mean,frac_small,cond_median,cond_frac_gt_1e6,sens_delta,base_Frob,base_angErr,base_compMAE,base_eigMAE,base_elem,base_iso,base_magMAE,base_vecMAE,corr_Frob,corr_angErr,corr_compMAE,corr_eigMAE,corr_elem,corr_iso,corr_magMAE,corr_vecMAE
dipole,0,primary,null,0,,0.090131596,0.090131596,0.0,,,,0.007535534331052117,1.0,0.0,,,4.5294647,0.090131596,,,,0.10123755,0.18293388,,4.5294647,0.090131596,,,,0.10123755,0.18293388
dipole,0,primary,tda,0,1000000.0,0.090131596,0.09043597912517932,0.00030438339439776974,-0.022705886729564195,0.10125608292118651,0.036660944682220864,0.007535534331052117,1.0,0.0,0.00022689266935603525,,4.5294647,0.090131596,,,,0.10123755,0.18293388,,4.52947216232562,0.09043597912517932,,,,0.10237627404355863,0.1835365707341779
dipole,0,primary,random,0,1000000.0,0.090131596,0.09042471809350074,0.0002931223627191809,-0.022962936833733183,0.10120408031807246,-0.0029336923164483037,0.007535534331052117,1.0,0.0,,,4.5294647,0.090131596,,,,0.10123755,0.18293388,,4.529472162289,0.09042471809350074,,,,0.10232176454316223,0.18350958164828013
dipole,0,primary,random,1,100000.0,0.090131596,0.09042669347166316,0.00029509774088160023,-0.02301403835276039,0.10121038128890998,-0.003177767578002507,0.007535534331052117,1.0,0.0,,,4.5294647,0.090131596,,,,0.10123755,0.18293388,,4.529472162287504,0.09042669347166316,,,,0.10232878193767801,0.18351329741520353
dipole,0,primary,random,2,1000000.0,0.090131596,0.09042474592702528,0.00029315019624372163,-0.022961410366958646,0.10120445859772188,-0.007533623416428598,0.007535534331052117,1.0,0.0,,,4.5294647,0.090131596,,,,0.10123755,0.18293388,,4.5294721622904515,0.09042474592702528,,,,0.10232206041542477,0.18350967733501436
dipole,0,primary,random,3,100000.0,0.090131596,0.09042647271896118,0.00029487698817962094,-0.023024949265650907,0.10120935879698562,-0.0044659797964524675,0.007535534331052117,1.0,0.0,,,4.5294647,0.090131596,,,,0.10123755,0.18293388,,4.529472162294984,0.09042647271896118,,,,0.1023267158682587,0.18351234144337855
dipole,0,primary,random,4,100000.0,0.090131596,0.09042523288669936,0.0002936371559178058,-0.02296516957385042,0.10120362592298432,0.0009560179827531266,0.007535534331052117,1.0,0.0,,,4.5294647,0.090131596,,,,0.10123755,0.18293388,,4.529472162283201,0.09042523288669936,,,,0.10232075180779648,0.1835099283110218
dipole,0,primary,shuffled,0,1e-05,0.090131596,0.09043128272237677,0.00029968699159521606,-0.02323505787611868,0.10122756062813677,-0.00016782055046422306,0.007535534331052117,1.0,0.0,,,4.5294647,0.090131596,,,,0.10123755,0.18293388,,4.529472162276981,0.09043128272237677,,,,0.10234913409779747,0.18352369190866255
dipole,0,primary,shuffled,1,1000000.0,0.090131596,0.09042531684057707,0.0002937211097955167,-0.02298687666603061,0.10120507572158206,0.007717779637941299,0.007535534331052117,1.0,0.0,,,4.5294647,0.090131596,,,,0.10123755,0.18293388,,4.529472162285849,0.09042531684057707,,,,0.10232376936891001,0.18351061355486217
dipole,0,primary,shuffled,2,1000000.0,0.090131596,0.09042099784347396,0.0002894021126924051,-0.022833979937868065,0.10119412232500384,-0.0016029389638716638,0.007535534331052117,1.0,0.0,,,4.5294647,0.090131596,,,,0.10123755,0.18293388,,4.529472162280646,0.09042099784347396,,,,0.10230949065869417,0.18350242161096988
dipole,0,primary,shuffled,3,1000000.0,0.090131596,0.09043319270335672,0.0003015969725751605,-0.023301549901148633,0.10122727238402002,-0.006686736624250549,0.007535534331052117,1.0,0.0,,,4.5294647,0.090131596,,,,0.10123755,0.18293388,,4.529472162308529,0.09043319270335672,,,,0.10235063035914195,0.18352646227750286
dipole,0,primary,shuffled,4,1000000.0,0.090131596,0.09042383680508309,0.0002922410743015358,-0.022927519092233783,0.1012016148263615,0.004515198024474032,0.007535534331052117,1.0,0.0,,,4.5294647,0.090131596,,,,0.10123755,0.18293388,,4.529472162285013,0.09042383680508309,,,,0.102318802349573,0.18350780266022693
dipole,0,secondary,null,0,,0.090131596,0.090131596,0.0,,,,0.007535534331052117,34474.25696427008,0.20009024592013236,,,4.5294647,0.090131596,,,,0.10123755,0.18293388,,4.5294647,0.090131596,,,,0.10123755,0.18293388
dipole,0,secondary,tda,0,1000000.0,0.090131596,0.0904273427223026,0.00029574699152104533,-2.8251845816636607e-05,1.470925336287136,-0.005350153716802988,0.007535534331052117,34474.25696427008,0.20009024592013236,,,4.5294647,0.090131596,,,,0.10123755,0.18293388,,4.535613295223433,0.0904273427223026,,,,0.10180997426178973,0.1835130159315207
dipole,0,secondary,random,0,1000000.0,0.090131596,0.09042197705405487,0.0002903813232733171,-1.214792841741641e-05,1.47084235550708,0.0011918498865315765,0.007535534331052117,34474.25696427008,0.20009024592013236,,,4.5294647,0.090131596,,,,0.10123755,0.18293388,,4.537374257508343,0.09042197705405487,,,,0.10165954834104739,0.18351006892354976
dipole,0,secondary,random,1,1000000.0,0.090131596,0.09038973703099515,0.0002581413002135935,-8.401905127260653e-06,1.4708407324855142,-0.0038456850427617483,0.007535534331052117,34474.25696427008,0.20009024592013236,,,4.5294647,0.090131596,,,,0.10123755,0.18293388,,4.536474737867044,0.09038973703099515,,,,0.10161824143836093,0.18345152843595783
dipole,0,secondary,random,2,1000000.0,0.090131596,0.0903918703552578,0.0002602746244762394,-1.1270317773407848e-05,1.4708378456825948,-9.658237003136746e-05,0.007535534331052117,34474.25696427008,0.20009024592013236,,,4.5294647,0.090131596,,,,0.10123755,0.18293388,,4.536331481733324,0.0903918703552578,,,,0.10160476570108636,0.1834425512126004
dipole,0,secondary,random,3,1000000.0,0.090131596,0.0904070119570083,0.0002754162262267462,-8.528390483523532e-06,1.4708413916722367,-0.0019166401387578115,0.007535534331052117,34474.25696427008,0.20009024592013236,,,4.5294647,0.090131596,,,,0.10123755,0.18293388,,4.537038817681234,0.0904070119570083,,,,0.10163056124537977,0.1834771443963415
dipole,0,secondary,random,4,1000000.0,0.090131596,0.09040491427405334,0.0002733185432717833,-7.934954501909175e-06,1.4708397220294707,-0.0023425579145334814,0.007535534331052117,34474.25696427008,0.20009024592013236,,,4.5294647,0.090131596,,,,0.10123755,0.18293388,,4.537017697708556,0.09040491427405334,,,,0.10160343652358915,0.18347193243562807
dipole,0,secondary,shuffled,0,1000000.0,0.090131596,0.09055086332243915,0.00041926759165759886,-9.408701496571581e-06,1.4707878878179208,-0.0031771421990608797,0.007535534331052117,34474.25696427008,0.20009024592013236,,,4.5294647,0.090131596,,,,0.10123755,0.18293388,,4.535477902938721,0.09055086332243915,,,,0.1022021090000002,0.1837572155347828
dipole,0,secondary,shuffled,1,100000.0,0.090131596,0.09121886224654274,0.0010872665157611872,-2.6038964042444473e-05,1.4711794431788154,0.0003471459377720213,0.007535534331052117,34474.25696427008,0.20009024592013236,,,4.5294647,0.090131596,,,,0.10123755,0.18293388,,4.5492370537701605,0.09121886224654274,,,,0.10320213273687419,0.18516141659586757
dipole,0,secondary,shuffled,2,1000.0,0.090131596,0.09641478470854485,0.006283188977763296,-3.401591289316682e-05,1.4729303216502494,-0.0003202142168394335,0.007535534331052117,34474.25696427008,0.20009024592013236,,,4.5294647,0.090131596,,,,0.10123755,0.18293388,,4.658803824287675,0.09641478470854485,,,,0.11196329155726438,0.19577393443368127
dipole,0,secondary,shuffled,3,1000.0,0.090131596,0.09607428128415417,0.005942685553372615,-8.485409976836482e-05,1.4732801239459992,0.0017169616967259865,0.007535534331052117,34474.25696427008,0.20009024592013236,,,4.5294647,0.090131596,,,,0.10123755,0.18293388,,4.634713774972147,0.09607428128415417,,,,0.11202126841722876,0.19507526806979686
dipole,0,secondary,shuffled,4,1000000.0,0.090131596,0.09056420474336146,0.0004326090125799098,-2.321141438610397e-06,1.4709598294111297,0.0019220658742202575,0.007535534331052117,34474.25696427008,0.20009024592013236,,,4.5294647,0.090131596,,,,0.10123755,0.18293388,,4.539522434389959,0.09056420474336146,,,,0.10198147312811391,0.18379592544212248
dipole,1,primary,null,0,,0.09435965,0.09435965,0.0,,,,0.007309919530721215,1.0,0.0,,,4.6633115,0.09435965,,,,0.106728055,0.19178858,,4.6633115,0.09435965,,,,0.106728055,0.19178858
dipole,1,primary,tda,0,1000.0,0.09435965,0.09446653264145727,0.00010688143353337898,-0.0180963421143574,0.10610209773995906,-0.025753671929255356,0.007309919530721215,1.0,0.0,0.00020580620060417498,,4.6633115,0.09435965,,,,0.106728055,0.19178858,,4.6633215653564095,0.09446653264145727,,,,0.10700620915841012,0.19198006935995462
dipole,1,primary,random,0,1000000.0,0.09435965,0.09461399891008655,0.00025434770216266334,-0.020468959382109686,0.1065330012898189,0.00602222624460695,0.007309919530721215,1.0,0.0,,,4.6633115,0.09435965,,,,0.106728055,0.19178858,,4.663321565414455,0.09461399891008655,,,,0.10764856071793272,0.19229113600391884
dipole,1,primary,random,1,10000.0,0.09435965,0.09461894134313599,0.00025929013521210076,-0.020493227284504645,0.10654206503715657,0.007052604223917158,0.007309919530721215,1.0,0.0,,,4.6633115,0.09435965,,,,0.106728055,0.19178858,,4.663321565454384,0.09461894134313599,,,,0.10765670598993217,0.1922969410824006
dipole,1,primary,random,2,1000000.0,0.09435965,0.09461439160101602,0.0002547403930921316,-0.020480425090182885,0.10653342696171803,0.0029666668089897022,0.007309919530721215,1.0,0.0,,,4.6633115,0.09435965,,,,0.106728055,0.19178858,,4.663321565415629,0.09461439160101602,,,,0.1076491470801077,0.19229164355319198
dipole,1,primary,random,3,1000000.0,0.09435965,0.09461465425434211,0.00025500304641822014,-0.020489268023701657,0.10653431176297916,-2.9810056502395306e-05,0.007309919530721215,1.0,0.0,,,4.6633115,0.09435965,,,,0.106728055,0.19178858,,4.663321565418767,0.09461465425434211,,,,0.10765000287538395,0.19229215333211871
dipole,1,primary,random,4,1000000.0,0.09435965,0.09461459777965725,0.000254946571733361,-0.02048971376210318,0.10653452511536605,-0.004276678156572251,0.007309919530721215,1.0,0.0,,,4.6633115,0.09435965,,,,0.106728055,0.19178858,,4.663321565412796,0.09461459777965725,,,,0.10764995997441819,0.19229212077347677
dipole,1,primary,shuffled,0,1000000.0,0.09435965,0.094611653436883,0.0002520022289591167,-0.020410591486695218,0.10652614096834229,-0.004173577070804502,0.007309919530721215,1.0,0.0,,,4.6633115,0.09435965,,,,0.106728055,0.19178858,,4.663321565412459,0.094611653436883,,,,0.10763985672825552,0.19228656058949786
dipole,1,primary,shuffled,1,1000000.0,0.09435965,0.09461860586700702,0.0002589546590831271,-0.020610221345271906,0.10654566537457516,-0.0033223423466209453,0.007309919530721215,1.0,0.0,,,4.6633115,0.09435965,,,,0.106728055,0.19178858,,4.663321565419631,0.09461860586700702,,,,0.10766379708607014,0.1922999225904691
dipole,1,primary,shuffled,2,1000000.0,0.09435965,0.09461880507664863,0.000259153868724743,-0.020611911816048822,0.10654626580700573,-0.0010032451604516197,0.007309919530721215,1.0,0.0,,,4.6633115,0.09435965,,,,0.106728055,0.19178858,,4.663321565424377,0.09461880507664863,,,,0.1076643831118428,0.19230045770553447
dipole,1,primary,shuffled,3,1000000.0,0.09435965,0.0946113253393694,0.00025167413144551454,-0.020392377542878704,0.10652488287478154,0.0019516908939530633,0.007309919530721215,1.0,0.0,,,4.6633115,0.09435965,,,,0.106728055,0.19178858,,4.663321565413213,0.0946113253393694,,,,0.1076385790185591,0.19228560565486003
dipole,1,primary,shuffled,4,100000.0,0.09435965,0.09462197870514762,0.00026232749722372717,-0.020693979709355714,0.10655640011977001,0.00023613890019220856,0.007309919530721215,1.0,0.0,,,4.6633115,0.09435965,,,,0.106728055,0.19178858,,4.663321565414538,0.09462197870514762,,,,0.10767494294961319,0.19230620439551205
dipole,1,secondary,null,0,,0.09435965,0.09435965,0.0,,,,0.007309919530721215,34509.786557388856,0.2020154922162894,,,4.6633115,0.09435965,,,,0.106728055,0.19178858,,4.6633115,0.09435965,,,,0.106728055,0.19178858
dipole,1,secondary,tda,0,1000.0,0.09435965,0.1008816129664441,0.006521961758520212,-0.00017816984491318225,1.509469589585328,0.003302469687049893,0.007309919530721215,34509.786557388856,0.2020154922162894,,,4.6633115,0.09435965,,,,0.106728055,0.19178858,,4.813886402310376,0.1008816129664441,,,,0.11656272383066885,0.20486415061911506
dipole,1,secondary,random,0,100000.0,0.09435965,0.0974995174603284,0.003139866252404505,-6.0418670070783165e-05,1.5072814948726965,-0.008592767561075682,0.007309919530721215,34509.786557388856,0.2020154922162894,,,4.6633115,0.09435965,,,,0.106728055,0.19178858,,4.7300804421892115,0.0974995174603284,,,,0.11220837757059275,0.19831668832946825
dipole,1,secondary,random,1,1000000.0,0.09435965,0.09498728692817471,0.0006276357202508187,-3.389565056381253e-05,1.5066997726438096,0.0028546115142325432,0.007309919530721215,34509.786557388856,0.2020154922162894,,,4.6633115,0.09435965,,,,0.106728055,0.19178858,,4.6826377429098285,0.09498728692817471,,,,0.10763708363718304,0.1931183426887747
dipole,1,secondary,random,2,1000000.0,0.09435965,0.09502935635579836,0.0006697051478744692,-4.543900806464052e-05,1.5067207971740821,-0.00436637580189288,0.007309919530721215,34509.786557388856,0.2020154922162894,,,4.6633115,0.09435965,,,,0.106728055,0.19178858,,4.683089038053366,0.09502935635579836,,,,0.10773291713718784,0.19320075456937622
dipole,1,secondary,random,3,1000000.0,0.09435965,0.09499440994684713,0.0006347587389232412,-2.9408253582256332e-05,1.5067033973563524,0.001166643552898583,0.007309919530721215,34509.786557388856,0.2020154922162894,,,4.6633115,0.09435965,,,,0.106728055,0.19178858,,4.683106705689049,0.09499440994684713,,,,0.10762334392773064,0.19313211036074285
dipole,1,secondary,random,4,100000.0,0.09435965,0.09754014147280635,0.0031804902648824573,-5.959496623142435e-05,1.5071502203358664,0.0017306588271109012,0.007309919530721215,34509.786557388856,0.2020154922162894,,,4.6633115,0.09435965,,,,0.106728055,0.19178858,,4.730921677603071,0.09754014147280635,,,,0.11233350911516006,0.19834315617958426
dipole,1,secondary,shuffled,0,1000000.0,0.09435965,0.09488203848801906,0.0005223872800951684,-2.8753813786567644e-05,1.5066907082833356,-0.003646761486071302,0.007309919530721215,34509.786557388856,0.2020154922162894,,,4.6633115,0.09435965,,,,0.106728055,0.19178858,,4.6842281732053666,0.09488203848801906,,,,0.10719486743290241,0.19292310055916598
dipole,1,secondary,shuffled,1,1000000.0,0.09435965,0.09499981402510022,0.0006401628171763263,-4.182438740770363e-05,1.5066956339003548,-0.0020614323361637164,0.007309919530721215,34509.786557388856,0.2020154922162894,,,4.6633115,0.09435965,,,,0.106728055,0.19178858,,4.68835650738222,0.09499981402510022,,,,0.10735789259532655,0.19318962453893204
dipole,1,secondary,shuffled,2,1000000.0,0.09435965,0.09488147031525086,0.0005218191073269735,-3.6183579648222754e-05,1.5067282812977336,-0.004315795517662346,0.007309919530721215,34509.786557388856,0.2020154922162894,,,4.6633115,0.09435965,,,,0.106728055,0.19178858,,4.67954820136888,0.09488147031525086,,,,0.10742293844456635,0.19287817136170246
dipole,1,secondary,shuffled,3,1000000.0,0.09435965,0.0949104866166402,0.0005508354087163103,-2.455068760820467e-05,1.5066718927634541,0.004976016260899086,0.007309919530721215,34509.786557388856,0.2020154922162894,,,4.6633115,0.09435965,,,,0.106728055,0.19178858,,4.670158336492117,0.0949104866166402,,,,0.10820779561869748,0.1929526824407909
dipole,1,secondary,shuffled,4,10000.0,0.09435965,0.10501004796701552,0.01065039675909163,-2.2441107471626864e-05,1.5078069452632283,-0.0010626904443688126,0.007309919530721215,34509.786557388856,0.2020154922162894,,,4.6633115,0.09435965,,,,0.106728055,0.19178858,,4.904866690334878,0.10501004796701552,,,,0.12375762684252205,0.21370406333645042
dipole,2,primary,null,0,,0.09219367,0.09219367,0.0,,,,0.006648116116417237,1.0,0.0,,,4.506803,0.09219367,,,,0.104156874,0.18661891,,4.506803,0.09219367,,,,0.104156874,0.18661891
dipole,2,primary,tda,0,100.0,0.09219367,0.09225636842836644,6.269785751607249e-05,-0.013898542863838959,0.10354481307052837,0.0546547408333224,0.006648116116417237,1.0,0.0,7.42599285965817e-05,,4.506803,0.09219367,,,,0.104156874,0.18661891,,4.506806926659462,0.09225636842836644,,,,0.10446084949421647,0.18673414811118047
dipole,2,primary,random,0,1000000.0,0.09219367,0.092296190475165,0.00010251990431463243,-0.016064282337338698,0.10364165480056398,0.0011616912690798414,0.006648116116417237,1.0,0.0,,,4.506803,0.09219367,,,,0.104156874,0.18661891,,4.506806926452393,0.092296190475165,,,,0.10457316042029646,0.1868188398888627
dipole,2,primary,random,1,100000.0,0.09219367,0.09229650492591288,0.00010283435506250327,-0.01606152065885258,0.10364115402991382,0.004086916157397435,0.006648116116417237,1.0,0.0,,,4.506803,0.09219367,,,,0.104156874,0.18661891,,4.5068069264396575,0.09229650492591288,,,,0.10457244849221171,0.18681839215559295
dipole,2,primary,random,2,1000000.0,0.09219367,0.09229591419292787,0.00010224362207750248,-0.016055316765064997,0.10364125880650278,0.007099790794655137,0.006648116116417237,1.0,0.0,,,4.506803,0.09219367,,,,0.104156874,0.18661891,,4.5068069264525095,0.09229591419292787,,,,0.1045728290287534,0.1868182771727696
dipole,2,primary,random,3,1000000.0,0.09219367,0.09229638490369792,0.00010271433284754494,-0.016061694553635597,0.10364167455017936,0.0017860403744454827,0.006648116116417237,1.0,0.0,,,4.506803,0.09219367,,,,0.104156874,0.18661891,,4.506806926451752,0.09229638490369792,,,,0.10457316731158708,0.18681883707724667
dipole,2,primary,random,4,1000.0,0.09219367,0.09229722709471323,0.00010355652386286052,-0.01605818104119372,0.10364645363321635,0.006003417660850029,0.006648116116417237,1.0,0.0,,,4.506803,0.09219367,,,,0.104156874,0.18661891,,4.506806926454619,0.09229722709471323,,,,0.10457355386144143,0.186820899683865
dipole,2,primary,shuffled,0,100000.0,0.09219367,0.09228170803366897,8.803746281860203e-05,-0.015384623124915953,0.10359886793692276,0.003228734577283889,0.006648116116417237,1.0,0.0,,,4.506803,0.09219367,,,,0.104156874,0.18661891,,4.506806926434291,0.09228170803366897,,,,0.10451555721551757,0.1867896847946057
dipole,2,primary,shuffled,1,1000000.0,0.09219367,0.09229587245360776,0.00010220188275739117,-0.016051557067357614,0.10364053529384885,-0.0031598115171979787,0.006648116116417237,1.0,0.0,,,4.506803,0.09219367,,,,0.104156874,0.18661891,,4.506806926450661,0.09229587245360776,,,,0.1045716867512208,0.18681813688633647
dipole,2,primary,shuffled,2,1000000.0,0.09219367,0.09229633978486537,0.00010266921401499984,-0.01607993325712731,0.10364281453955002,-0.003565737776190883,0.006648116116417237,1.0,0.0,,,4.506803,0.09219367,,,,0.104156874,0.18661891,,4.50680692645315,0.09229633978486537,,,,0.10457427344783715,0.18681927464892983
dipole,2,primary,shuffled,3,1000.0,0.09219367,0.09229447675835448,0.00010080618750410442,-0.01595233576979238,0.10362797988772918,0.0044935361254287935,0.006648116116417237,1.0,0.0,,,4.506803,0.09219367,,,,0.104156874,0.18661891,,4.5068069264415005,0.09229447675835448,,,,0.10455361321446165,0.1868132523732617
dipole,2,primary,shuffled,4,10000.0,0.09219367,0.09228353201569028,8.986144483991154e-05,-0.015419832065336703,0.10360336405043002,0.006271714660990244,0.006648116116417237,1.0,0.0,,,4.506803,0.09219367,,,,0.104156874,0.18661891,,4.506806926407322,0.09228353201569028,,,,0.10452011763947087,0.18679237384515457
dipole,2,secondary,null,0,,0.09219367,0.09219367,0.0,,,,0.006648116116417237,34716.52468385787,0.2010077461081447,,,4.506803,0.09219367,,,,0.104156874,0.18661891,,4.506803,0.09219367,,,,0.104156874,0.18661891
dipole,2,secondary,tda,0,1000000.0,0.09219367,0.0928501200808372,0.0006564495099868339,-7.838090425401252e-05,1.5227535481715824,-0.005534684954682521,0.006648116116417237,34716.52468385787,0.2010077461081447,,,4.506803,0.09219367,,,,0.104156874,0.18661891,,4.515700832081507,0.0928501200808372,,,,0.10536740906067167,0.18786868751030972
dipole,2,secondary,random,0,1000000.0,0.09219367,0.09254025393975081,0.0003465833689004355,-7.295397830886508e-05,1.522678658836096,-0.005802517208281464,0.006648116116417237,34716.52468385787,0.2010077461081447,,,4.506803,0.09219367,,,,0.104156874,0.18661891,,4.515666874288639,0.09254025393975081,,,,0.10464820698892383,0.1873052569510877
dipole,2,secondary,random,1,1000000.0,0.09219367,0.09257665538771148,0.0003829848168611094,-6.897597090138596e-05,1.5226776210861905,0.00406177339384692,0.006648116116417237,34716.52468385787,0.2010077461081447,,,4.506803,0.09219367,,,,0.104156874,0.18661891,,4.516139637069453,0.09257665538771148,,,,0.1047407883189613,0.18738466579466886
dipole,2,secondary,random,2,1000000.0,0.09219367,0.09262813036735051,0.00043445979650014177,-6.683020133846362e-05,1.5226688001942588,0.004722775226569351,0.006648116116417237,34716.52468385787,0.2010077461081447,,,4.506803,0.09219367,,,,0.104156874,0.18661891,,4.516856510098368,0.09262813036735051,,,,0.1048148250954541,0.18747194266214412
dipole,2,secondary,random,3,1000000.0,0.09219367,0.0926025233390805,0.0004088527682301335,-7.384337857785361e-05,1.5226772001454918,0.0003399354030998289,0.006648116116417237,34716.52468385787,0.2010077461081447,,,4.506803,0.09219367,,,,0.104156874,0.18661891,,4.517053677949771,0.0926025233390805,,,,0.1047587484006496,0.18742359956013904
dipole,2,secondary,random,4,1000000.0,0.09219367,0.09260070303634742,0.0004070324654970453,-7.28538113591674e-05,1.522674718665515,0.0018646851532600074,0.006648116116417237,34716.52468385787,0.2010077461081447,,,4.506803,0.09219367,,,,0.104156874,0.18661891,,4.516516129333919,0.09260070303634742,,,,0.10475627551462743,0.1874177656332154
dipole,2,secondary,shuffled,0,1000000.0,0.09219367,0.09273320740721243,0.0005395368363620562,-7.381711970063283e-05,1.5227637505813105,0.0037726152131044035,0.006648116116417237,34716.52468385787,0.2010077461081447,,,4.506803,0.09219367,,,,0.104156874,0.18661891,,4.520629245624669,0.09273320740721243,,,,0.10488044247711979,0.18768391757304428
dipole,2,secondary,shuffled,1,1e-06,0.09219367,0.10521014469277401,0.013016474121923638,-9.010770703891484e-05,1.525029197875532,0.0024832048305586433,0.006648116116417237,34716.52468385787,0.2010077461081447,,,4.506803,0.09219367,,,,0.104156874,0.18661891,,4.772863140783387,0.10521014469277401,,,,0.12715467084510385,0.21346141002277483
dipole,2,secondary,shuffled,2,1000000.0,0.09219367,0.09259618983400028,0.0004025192631499086,-9.346795831681003e-05,1.5228604693505847,-0.007847577623644362,0.006648116116417237,34716.52468385787,0.2010077461081447,,,4.506803,0.09219367,,,,0.104156874,0.18661891,,4.51473202278618,0.09259618983400028,,,,0.1048086090657754,0.18741574235647016
dipole,2,secondary,shuffled,3,1000000.0,0.09219367,0.09276735020834137,0.000573679637490998,-7.188967890410976e-05,1.5226513517259057,-0.0001822282106297204,0.006648116116417237,34716.52468385787,0.2010077461081447,,,4.506803,0.09219367,,,,0.104156874,0.18661891,,4.511210845238881,0.09276735020834137,,,,0.10560602848033937,0.18776537447478536
dipole,2,secondary,shuffled,4,1000000.0,0.09219367,0.09274022572455458,0.0005465551537042063,-7.64162046185864e-05,1.522656736026214,-0.005914076913758173,0.006648116116417237,34716.52468385787,0.2010077461081447,,,4.506803,0.09219367,,,,0.104156874,0.18661891,,4.513572567064945,0.09274022572455458,,,,0.10545524766626359,0.18771570869022672
dipole,3,primary,null,0,,0.09526028,0.09526028,0.0,,,,0.006482665262841242,1.0,0.0,,,4.826242,0.09526028,,,,0.106382206,0.1933459,,4.826242,0.09526028,,,,0.106382206,0.1933459
dipole,3,primary,tda,0,10000.0,0.09526028,0.09526123250518559,9.55114705547544e-07,-0.007828359747068747,0.10592891499755185,0.02365947569918005,0.006482665262841242,1.0,0.0,-9.742944185966995e-05,,4.826242,0.09526028,,,,0.106382206,0.1933459,,4.8262496462246895,0.09526123250518559,,,,0.10638402131053624,0.19333614099136384
dipole,3,primary,random,0,1000000.0,0.09526028,0.09516462247062404,-9.56549198559975e-05,-0.0028425188343486063,0.10570052198781221,-0.005054963492690719,0.006482665262841242,1.0,0.0,,,4.826242,0.09526028,,,,0.106382206,0.1933459,,4.8262496458351825,0.09516462247062404,,,,0.10590990260175209,0.19316547099739373
dipole,3,primary,random,1,10000.0,0.09526028,0.09516741487564999,-9.28625148300527e-05,-0.002911554170976993,0.10571011292692838,0.001042890228479768,0.006482665262841242,1.0,0.0,,,4.826242,0.09526028,,,,0.106382206,0.1933459,,4.826249645841313,0.09516741487564999,,,,0.10592205770398273,0.19317077641505248
dipole,3,primary,random,2,1000000.0,0.09526028,0.09516466507780388,-9.561231267615766e-05,-0.0028344431970797057,0.10570084716724039,0.0003115281062790141,0.006482665262841242,1.0,0.0,,,4.826242,0.09526028,,,,0.106382206,0.1933459,,4.826249645833354,0.09516466507780388,,,,0.10591048742935752,0.1931655150610891
dipole,3,primary,random,3,100000.0,0.09526028,0.09516599298280667,-9.428440767336732e-05,-0.0028215822597217333,0.10570141927956409,0.0037369309832354213,0.006482665262841242,1.0,0.0,,,4.826242,0.09526028,,,,0.106382206,0.1933459,,4.8262496458412425,0.09516599298280667,,,,0.1059114040673889,0.19316510263372758
dipole,3,primary,random,4,1000000.0,0.09526028,0.09516450971062558,-9.5767679854461e-05,-0.002841508463159448,0.10570028420679004,4.18928751422596e-05,0.006482665262841242,1.0,0.0,,,4.826242,0.09526028,,,,0.106382206,0.1933459,,4.8262496458346815,0.09516450971062558,,,,0.10590952289467162,0.19316528828094845
dipole,3,primary,shuffled,0,1000000.0,0.09526028,0.09516546734635274,-9.481004412729976e-05,-0.002874071245608123,0.10570255686936432,0.0003982827237745213,0.006482665262841242,1.0,0.0,,,4.826242,0.09526028,,,,0.106382206,0.1933459,,4.8262496458375415,0.09516546734635274,,,,0.10591511469357559,0.19316690753742488
dipole,3,primary,shuffled,1,1000000.0,0.09526028,0.09516464414701288,-9.563324346716084e-05,-0.002838087427009084,0.10570092197517134,0.0004370312771402767,0.006482665262841242,1.0,0.0,,,4.826242,0.09526028,,,,0.106382206,0.1933459,,4.8262496458335855,0.09516464414701288,,,,0.10591005444067957,0.19316545437727506
dipole,3,primary,shuffled,2,1000000.0,0.09526028,0.09516344458507782,-9.683280540222217e-05,-0.002781576973452493,0.10569808081672447,0.0018274425719954888,0.006482665262841242,1.0,0.0,,,4.826242,0.09526028,,,,0.106382206,0.1933459,,4.826249645832017,0.09516344458507782,,,,0.10590321918543924,0.19316330533419218
dipole,3,primary,shuffled,3,1000000.0,0.09526028,0.0951641386968093,-9.613869367074146e-05,-0.002814415577414131,0.10569965300939124,0.00019678978070805178,0.006482665262841242,1.0,0.0,,,4.826242,0.09526028,,,,0.106382206,0.1933459,,4.826249645832764,0.0951641386968093,,,,0.1059074196893704,0.19316449853295642
dipole,3,primary,shuffled,4,100000.0,0.09526028,0.09516308613436787,-9.719125611216961e-05,-0.0027961478148799124,0.10569684469041057,0.004216826709185398,0.006482665262841242,1.0,0.0,,,4.826242,0.09526028,,,,0.106382206,0.1933459,,4.8262496458352615,0.09516308613436787,,,,0.10590429522258896,0.19316355059724744
dipole,3,secondary,null,0,,0.09526028,0.09526028,0.0,,,,0.006482665262841242,34601.6328360514,0.2012935248552305,,,4.826242,0.09526028,,,,0.106382206,0.1933459,,4.826242,0.09526028,,,,0.106382206,0.1933459
dipole,3,secondary,tda,0,1000000.0,0.09526028,0.09518006240278126,-8.0214987698779e-05,1.8822159508768976e-07,1.5752383878795742,0.01535198043366126,0.006482665262841242,34601.6328360514,0.2012935248552305,,,4.826242,0.09526028,,,,0.106382206,0.1933459,,4.83377284143248,0.09518006240278126,,,,0.10571309543142147,0.1932796464163327
dipole,3,secondary,random,0,1000000.0,0.09526028,0.09521267825905197,-4.759913142807215e-05,-3.3303250422574613e-06,1.5752105565272405,-0.0033503755628663,0.006482665262841242,34601.6328360514,0.2012935248552305,,,4.826242,0.09526028,,,,0.106382206,0.1933459,,4.831581242467003,0.09521267825905197,,,,0.10592626180271343,0.19333323729040847
dipole,3,secondary,random,1,1e-06,0.09526028,0.10229957966840522,0.00703930227792518,-7.571768454820808e-06,1.5772001665222584,-0.0031756328429267074,0.006482665262841242,34601.6328360514,0.2012935248552305,,,4.826242,0.09526028,,,,0.106382206,0.1933459,,4.973218874875793,0.10229957966840522,,,,0.11846522887152552,0.2079537153358879
dipole,3,secondary,random,2,10000.0,0.09526028,0.10128027012945184,0.006019992738971802,9.221731814353559e-06,1.576656131175289,-0.0009450049906152362,0.006482665262841242,34601.6328360514,0.2012935248552305,,,4.826242,0.09526028,,,,0.106382206,0.1933459,,4.950011972143107,0.10128027012945184,,,,0.11689768020393591,0.20576886626128027
dipole,3,secondary,random,3,1000000.0,0.09526028,0.0952130898430032,-4.7187547476845726e-05,-4.148520075834365e-06,1.5752126264299344,-0.00553279933210311,0.006482665262841242,34601.6328360514,0.2012935248552305,,,4.826242,0.09526028,,,,0.106382206,0.1933459,,4.831675423042675,0.0952130898430032,,,,0.10593549109974223,0.19332353920998566
dipole,3,secondary,random,4,1000000.0,0.09526028,0.09521541904199964,-4.485834848040604e-05,-3.5325961997845212e-06,1.5752155971087616,-0.0023308924744294777,0.006482665262841242,34601.6328360514,0.2012935248552305,,,4.826242,0.09526028,,,,0.106382206,0.1933459,,4.831637265953127,0.09521541904199964,,,,0.10594791046190107,0.1933424102238171
dipole,3,secondary,shuffled,0,1000000.0,0.09526028,0.09536251900440272,0.0001022416139226795,-2.8007494787078238e-06,1.5752100898747725,-0.005011544267879055,0.006482665262841242,34601.6328360514,0.2012935248552305,,,4.826242,0.09526028,,,,0.106382206,0.1933459,,4.836580062479038,0.09536251900440272,,,,0.10595770947856052,0.19364593968577118
dipole,3,secondary,shuffled,1,1000000.0,0.09526028,0.09536344178829365,0.00010316439781360431,-5.218254281273242e-06,1.5752290929070998,-0.0005640540089341104,0.006482665262841242,34601.6328360514,0.2012935248552305,,,4.826242,0.09526028,,,,0.106382206,0.1933459,,4.836865487701311,0.09536344178829365,,,,0.10610750513721004,0.19365655703486506
dipole,3,secondary,shuffled,2,1000000.0,0.09526028,0.09524102303066992,-1.9254359810122468e-05,-1.4305754042117276e-06,1.5752002360561057,0.0007857109472713867,0.006482665262841242,34601.6328360514,0.2012935248552305,,,4.826242,0.09526028,,,,0.106382206,0.1933459,,4.831140222974273,0.09524102303066992,,,,0.10610742701243303,0.19338676077033393
dipole,3,secondary,shuffled,3,1e-06,0.09526028,0.10453446973161679,0.009274192341136744,-9.545513979247744e-05,1.5784349966495996,-0.00020438689310402127,0.006482665262841242,34601.6328360514,0.2012935248552305,,,4.826242,0.09526028,,,,0.106382206,0.1933459,,4.989654222473222,0.10453446973161679,,,,0.1234345433823139,0.21250815330391715
dipole,3,secondary,shuffled,4,1000000.0,0.09526028,0.09535551469877578,9.523730829573418e-05,7.398345425920402e-07,1.5752379291087362,0.0031429233072767133,0.006482665262841242,34601.6328360514,0.2012935248552305,,,4.826242,0.09526028,,,,0.106382206,0.1933459,,4.831497700745076,0.09535551469877578,,,,0.10637646842529717,0.19360893729918421
dipole,4,primary,null,0,,0.08958602,0.08958602,0.0,,,,0.007144468677145221,1.0,0.0,,,4.377407,0.08958602,,,,0.10211939,0.18198997,,4.377407,0.08958602,,,,0.10211939,0.18198997
dipole,4,primary,tda,0,1000.0,0.08958602,0.08995780240598415,0.0003717828899929415,-0.02385918466458592,0.1023864366886463,-0.004143639891189537,0.007144468677145221,1.0,0.0,0.000293050978500492,,4.377407,0.08958602,,,,0.10211939,0.18198997,,4.377412187412604,0.08995780240598415,,,,0.10359491990745841,0.18272084236282105
dipole,4,primary,random,0,1000000.0,0.08958602,0.09003027090866274,0.0004442513926715269,-0.0219248930880398,0.10258796153754374,-0.004900952104639518,0.007144468677145221,1.0,0.0,,,4.377407,0.08958602,,,,0.10211939,0.18198997,,4.377412187897413,0.09003027090866274,,,,0.10388998111464542,0.1828577104755205
dipole,4,primary,random,1,1000000.0,0.08958602,0.0900301476764544,0.00044412816046318637,-0.02191298502246153,0.10258729919872425,-0.001439161190778563,0.007144468677145221,1.0,0.0,,,4.377407,0.08958602,,,,0.10211939,0.18198997,,4.377412187899655,0.0900301476764544,,,,0.10388912361882112,0.18285749218850736
dipole,4,primary,random,2,100000.0,0.08958602,0.09003072617673545,0.00044470666074424015,-0.02195091955120443,0.10259194244532491,-0.003258724332393211,0.007144468677145221,1.0,0.0,,,4.377407,0.08958602,,,,0.10211939,0.18198997,,4.3774121878913075,0.09003072617673545,,,,0.1038930540826688,0.1828589753951835
dipole,4,primary,random,3,1000000.0,0.08958602,0.09003010589176182,0.0004440863757706054,-0.02191981793906206,0.10258713916042696,-0.0006681540580488247,0.007144468677145221,1.0,0.0,,,4.377407,0.08958602,,,,0.10211939,0.18198997,,4.377412187895805,0.09003010589176182,,,,0.1038889950122098,0.18285728791609035
dipole,4,primary,random,4,1000000.0,0.08958602,0.09003012523254227,0.0004441057165510548,-0.021910395758243828,0.10258767038187706,0.00018402228983814399,0.007144468677145221,1.0,0.0,,,4.377407,0.08958602,,,,0.10211939,0.18198997,,4.377412187895622,0.09003012523254227,,,,0.10388942473270861,0.18285730590114477
dipole,4,primary,shuffled,0,1000000.0,0.08958602,0.09002831075926962,0.00044229124327840874,-0.021855269946794653,0.10258211073774137,0.001541625134567043,0.007144468677145221,1.0,0.0,,,4.377407,0.08958602,,,,0.10211939,0.18198997,,4.377412187895729,0.09002831075926962,,,,0.10388277012288301,0.18285386445811877
dipole,4,primary,shuffled,1,1000000.0,0.08958602,0.0900252778238832,0.0004392583078919876,-0.021747201557238194,0.10257351348637014,0.0015834368460702327,0.007144468677145221,1.0,0.0,,,4.377407,0.08958602,,,,0.10211939,0.18198997,,4.377412187888379,0.0900252778238832,,,,0.10387249456366288,0.18284815231295268
dipole,4,primary,shuffled,2,1000000.0,0.08958602,0.09003108240033622,0.00044506288434500996,-0.02194532049622655,0.10259046003853295,0.0029127108127800167,0.007144468677145221,1.0,0.0,,,4.377407,0.08958602,,,,0.10211939,0.18198997,,4.377412187899022,0.09003108240033622,,,,0.1038935387178101,0.1828593620586784
dipole,4,primary,shuffled,3,0.001,0.08958602,0.0900130608796086,0.0004270413636173892,-0.021330989043612636,0.1025498582692298,-7.290899120149584e-05,0.007144468677145221,1.0,0.0,,,4.377407,0.08958602,,,,0.10211939,0.18198997,,4.377412187879486,0.0900130608796086,,,,0.10383425735468198,0.18282648269890486
dipole,4,primary,shuffled,4,1000000.0,0.08958602,0.09004064691897207,0.00045462740298085613,-0.02228850500489954,0.10261759332049163,-0.00174046728365406,0.007144468677145221,1.0,0.0,,,4.377407,0.08958602,,,,0.10211939,0.18198997,,4.377412187907081,0.09004064691897207,,,,0.10392586394143913,0.18287783020272613
dipole,4,secondary,null,0,,0.08958602,0.08958602,0.0,,,,0.007144468677145221,34719.88141776237,0.20105286906821088,,,4.377407,0.08958602,,,,0.10211939,0.18198997,,4.377407,0.08958602,,,,0.10211939,0.18198997
dipole,4,secondary,tda,0,1000000.0,0.08958602,0.08968258936501915,9.656984902793597e-05,-8.639062564652633e-06,1.491185551729286,-0.00172311388373525,0.007144468677145221,34719.88141776237,0.20105286906821088,,,4.377407,0.08958602,,,,0.10211939,0.18198997,,4.378494386631946,0.08968258936501915,,,,0.1024603854735307,0.18220566487784134
dipole,4,secondary,random,0,1000000.0,0.08958602,0.08972698975399808,0.00014097023800686836,-5.762816581341331e-06,1.4911045158997227,0.003763865472174794,0.007144468677145221,34719.88141776237,0.20105286906821088,,,4.377407,0.08958602,,,,0.10211939,0.18198997,,4.378033550853909,0.08972698975399808,,,,0.10270352985836503,0.18227895325443183
dipole,4,secondary,random,1,1000000.0,0.08958602,0.08973088274054947,0.00014486322455825595,-4.405968551076296e-06,1.4911038975651427,0.005493669154283085,0.007144468677145221,34719.88141776237,0.20105286906821088,,,4.377407,0.08958602,,,,0.10211939,0.18198997,,4.3782140878723,0.08973088274054947,,,,0.10266516403342274,0.1822712447097582
dipole,4,secondary,random,2,1000000.0,0.08958602,0.08975048121981251,0.00016446170382129754,-5.717031783425419e-06,1.4911124246682819,0.004235353178801914,0.007144468677145221,34719.88141776237,0.20105286906821088,,,4.377407,0.08958602,,,,0.10211939,0.18198997,,4.378632590559645,0.08975048121981251,,,,0.10271127265159956,0.18231324311952007
dipole,4,secondary,random,3,1000000.0,0.08958602,0.08975539786073024,0.0001693783447390268,-1.1081267773604964e-05,1.4911147719686684,-0.0009899306992463012,0.007144468677145221,34719.88141776237,0.20105286906821088,,,4.377407,0.08958602,,,,0.10211939,0.18198997,,4.378308251587818,0.08975539786073024,,,,0.10273391883870413,0.18231664523499655
dipole,4,secondary,random,4,100000.0,0.08958602,0.09142784971703574,0.0018418302010445309,2.2571975514066683e-05,1.491545758284708,0.004531729437485576,0.007144468677145221,34719.88141776237,0.20105286906821088,,,4.377407,0.08958602,,,,0.10211939,0.18198997,,4.40431142538987,0.09142784971703574,,,,0.10600048229879938,0.1857575301455763
dipole,4,secondary,shuffled,0,1000000.0,0.08958602,0.08974722963481246,0.00016121011882125336,-1.3472607447143995e-05,1.4911821130549905,0.0022944690645740067,0.007144468677145221,34719.88141776237,0.20105286906821088,,,4.377407,0.08958602,,,,0.10211939,0.18198997,,4.380106130168603,0.08974722963481246,,,,0.1024379043657573,0.18231296828766286
dipole,4,secondary,shuffled,1,1000000.0,0.08958602,0.09001719337728423,0.00043117386129301605,-2.0975844989834513e-06,1.4911194453306402,-0.0018641747997488849,0.007144468677145221,34719.88141776237,0.20105286906821088,,,4.377407,0.08958602,,,,0.10211939,0.18198997,,4.376659513577948,0.09001719337728423,,,,0.10377866486345996,0.18285428882355384
dipole,4,secondary,shuffled,2,1000000.0,0.08958602,0.08977391249436908,0.00018789297837787378,-6.501769811873004e-06,1.4911110101157041,-0.006455416950943545,0.007144468677145221,34719.88141776237,0.20105286906821088,,,4.377407,0.08958602,,,,0.10211939,0.18198997,,4.381763554967798,0.08977391249436908,,,,0.10258241505028877,0.18239491991880047
dipole,4,secondary,shuffled,3,1000000.0,0.08958602,0.09000175898825609,0.0004157394722648783,-1.0297822003050664e-05,1.4911621300944187,-0.0003737406774814229,0.007144468677145221,34719.88141776237,0.20105286906821088,,,4.377407,0.08958602,,,,0.10211939,0.18198997,,4.381433011030625,0.09000175898825609,,,,0.103423618320278,0.18283172891257302
dipole,4,secondary,shuffled,4,1000000.0,0.08958602,0.08975718595019344,0.0001711664342022301,-1.7426438616056455e-05,1.491187600097564,-0.0008641423976522698,0.007144468677145221,34719.88141776237,0.20105286906821088,,,4.377407,0.08958602,,,,0.10211939,0.18198997,,4.379906469071171,0.08975718595019344,,,,0.10252048718851611,0.18233478517857465
polar,0,primary,null,0,,2.1734514,2.1734514,0.0,,,,0.044416033691810186,93.40043050301233,0.0,,2.1734514,,,0.84136575,0.56307375,0.60791206,,,2.1734514,,,0.84136575,0.56307375,0.60791206,,
polar,0,primary,tda,0,1e-06,2.1734514,2.1723852800589234,-0.0010661435860961355,-0.13069687926759443,0.3171993504127433,0.10093371855111788,0.044416033691810186,93.40043050301233,0.0,0.008920755867320995,2.1734514,,,0.84136575,0.56307375,0.60791206,,,2.1723852800589234,,,0.8361194017623252,0.5625702277787403,0.6059992912844432,,
polar,0,primary,random,0,100000.0,2.1734514,2.1889510631811766,0.015499639536157073,-0.15438432679482106,0.32312474244500067,0.0005656195855897295,0.044416033691810186,93.40043050301233,0.0,,2.1734514,,,0.84136575,0.56307375,0.60791206,,,2.1889510631811766,,,0.8478357816995059,0.5664255100822468,0.6200237243969466,,
polar,0,primary,random,1,1000000.0,2.1734514,2.188938547204562,0.015487123559542404,-0.154367756931288,0.323120731494058,0.00543943492424785,0.044416033691810186,93.40043050301233,0.0,,2.1734514,,,0.84136575,0.56307375,0.60791206,,,2.188938547204562,,,0.8478278493503277,0.5664216568833228,0.6200175924960263,,
polar,0,primary,random,2,1000000.0,2.1734514,2.188944827775344,0.015493404130324517,-0.1543721749268534,0.3231231763581518,-0.002653435620017007,0.044416033691810186,93.40043050301233,0.0,,2.1734514,,,0.84136575,0.56307375,0.60791206,,,2.188944827775344,,,0.8478307249313535,0.5664230729140363,0.6200221044062509,,
polar,0,primary,random,3,1000000.0,2.1734514,2.188944230636653,0.015492806991633579,-0.1543691104883229,0.32312218450725827,-0.0007396676311655023,0.044416033691810186,93.40043050301233,0.0,,2.1734514,,,0.84136575,0.56307375,0.60791206,,,2.188944230636653,,,0.84783311904169,0.5664228862718954,0.6200214000097285,,
polar,0,primary,random,4,1000000.0,2.1734514,2.1889416726643303,0.015490249019310731,-0.15436958574923276,0.32312338637645444,-0.0009883048657223833,0.044416033691810186,93.40043050301233,0.0,,2.1734514,,,0.84136575,0.56307375,0.60791206,,,2.1889416726643303,,,0.8478299407037597,0.5664221939563473,0.6200222935242892,,
polar,0,primary,shuffled,0,1000000.0,2.1734514,2.18916882693493,0.015717403289910337,-0.15468997840816057,0.3232209087937544,0.006213266983534162,0.044416033691810186,93.40043050301233,0.0,,2.1734514,,,0.84136575,0.56307375,0.60791206,,,2.18916882693493,,,0.8479548803039213,0.5664746214247084,0.620195051764088,,
polar,0,primary,shuffled,1,1000000.0,2.1734514,2.1889518735437634,0.015500449898743884,-0.1543611994961216,0.32312785657255594,-0.0007377136381272336,0.044416033691810186,93.40043050301233,0.0,,2.1734514,,,0.84136575,0.56307375,0.60791206,,,2.1889518735437634,,,0.8478409300255316,0.5664242818553692,0.6200316013992333,,
polar,0,primary,shuffled,2,1000000.0,2.1734514,2.1885891893086162,0.015137765663596703,-0.15390566521903304,0.3229567421527585,-0.0022302943208043465,0.044416033691810186,93.40043050301233,0.0,,2.1734514,,,0.84136575,0.56307375,0.60791206,,,2.1885891893086162,,,0.8476124262198083,0.5663408300285672,0.619724326124586,,
polar,0,primary,shuffled,3,100000.0,2.1734514,2.187952419937501,0.01450099629248136,-0.15310577112962542,0.3226467273279383,-0.002028646216303524,0.044416033691810186,93.40043050301233,0.0,,2.1734514,,,0.84136575,0.56307375,0.60791206,,,2.187952419937501,,,0.8471953899425136,0.5661956117689096,0.619166068348746,,
polar,0,primary,shuffled,4,1000000.0,2.1734514,2.1889227342369506,0.015471310591931076,-0.15429441857915216,0.32312505074483144,-0.0020105493976178513,0.044416033691810186,93.40043050301233,0.0,,2.1734514,,,0.84136575,0.56307375,0.60791206,,,2.1889227342369506,,,0.8478463096782147,0.5664192812524239,0.6200316946448668,,
polar,0,secondary,null,0,,2.1734514,2.1734514,0.0,,,,0.044416033691810186,56283.003796496785,0.07914567195608031,,2.1734514,,,0.84136575,0.56307375,0.60791206,,,2.1734514,,,0.84136575,0.56307375,0.60791206,,
polar,0,secondary,tda,0,1000000.0,2.1734514,2.1920064164344977,0.018554992789478142,-0.0002000205597172955,2.339894305194222,0.04179929156562085,0.044416033691810186,56283.003796496785,0.07914567195608031,,2.1734514,,,0.84136575,0.56307375,0.60791206,,,2.1920064164344977,,,0.8504487559942969,0.5673260947233123,0.623843586839743,,
polar,0,secondary,random,0,1000000.0,2.1734514,2.1956534480587053,0.022202024413685795,-0.0002206436402305556,2.3403799084792682,-0.001671937289836835,0.044416033691810186,56283.003796496785,0.07914567195608031,,2.1734514,,,0.84136575,0.56307375,0.60791206,,,2.1956534480587053,,,0.8539789363474688,0.5682396724778745,0.6260068643511193,,
polar,0,secondary,random,1,100000.0,2.1734514,2.2008224970180628,0.02737107337304323,-0.00022397592383394116,2.341872612198704,-0.0018349714476104733,0.044416033691810186,56283.003796496785,0.07914567195608031,,2.1734514,,,0.84136575,0.56307375,0.60791206,,,2.2008224970180628,,,0.8566857152885514,0.569567379649113,0.6279135724508506,,
polar,0,secondary,random,2,1000000.0,2.1734514,2.195769800828733,0.022318377183713434,-0.00022305569730446395,2.340335526551811,0.00330707543478835,0.044416033691810186,56283.003796496785,0.07914567195608031,,2.1734514,,,0.84136575,0.56307375,0.60791206,,,2.195769800828733,,,0.8540156424537918,0.5682642692154106,0.6260332062453352,,
polar,0,secondary,random,3,10000.0,2.1734514,2.2173912710208494,0.0439398473758299,-0.00028931029556578114,2.3447059809833477,-0.0006205843810519517,0.044416033691810186,56283.003796496785,0.07914567195608031,,2.1734514,,,0.84136575,0.56307375,0.60791206,,,2.2173912710208494,,,0.8653760291096506,0.5737797502915989,0.6333410730505233,,
polar,0,secondary,random,4,1000000.0,2.1734514,2.195712247964821,0.022260824319801475,-0.00022232954861156617,2.3403816205914842,-0.0038612319992311355,0.044416033691810186,56283.003796496785,0.07914567195608031,,2.1734514,,,0.84136575,0.56307375,0.60791206,,,2.195712247964821,,,0.8540224342206942,0.5682549771960111,0.6260577959383441,,
polar,0,secondary,shuffled,0,1000000.0,2.1734514,2.195894389899,0.02244296625398068,-0.00020878173079708073,2.340948393427774,-0.0015306491679999447,0.044416033691810186,56283.003796496785,0.07914567195608031,,2.1734514,,,0.84136575,0.56307375,0.60791206,,,2.195894389899,,,0.8543364707222154,0.568267804359505,0.6263196066372089,,
polar,0,secondary,shuffled,1,1000000.0,2.1734514,2.1951730084206944,0.021721584775674874,-0.00021970735134435593,2.3406670716673035,0.002410619068983128,0.044416033691810186,56283.003796496785,0.07914567195608031,,2.1734514,,,0.84136575,0.56307375,0.60791206,,,2.1951730084206944,,,0.8542930173007542,0.5680874160416469,0.6264574663426474,,
polar,0,secondary,shuffled,2,1000000.0,2.1734514,2.196797264041708,0.023345840396688633,-0.00025045213046348547,2.3402626805205107,-0.003918080988583741,0.044416033691810186,56283.003796496785,0.07914567195608031,,2.1734514,,,0.84136575,0.56307375,0.60791206,,,2.196797264041708,,,0.8540130286919974,0.5684986172818473,0.6264586296923323,,
polar,0,secondary,shuffled,3,100000.0,2.1734514,2.209682139920525,0.03623071627550534,-0.0002549763253841819,2.3410263802858706,-0.00014314558378139734,0.044416033691810186,56283.003796496785,0.07914567195608031,,2.1734514,,,0.84136575,0.56307375,0.60791206,,,2.209682139920525,,,0.8630097455052184,0.5716320423522915,0.6363763463073644,,
polar,0,secondary,shuffled,4,100000.0,2.1734514,2.1915573901272305,0.018105966482210967,-0.00022697780389141498,2.3413274611232815,-0.0025614115918177497,0.044416033691810186,56283.003796496785,0.07914567195608031,,2.1734514,,,0.84136575,0.56307375,0.60791206,,,2.1915573901272305,,,0.8516604456225363,0.5671500553597447,0.6230091565183465,,
polar,1,primary,null,0,,2.2561216,2.2561216,0.0,,,,0.043754230277506204,92.81909467516417,1.5040986688726781e-05,,2.2561216,,,0.8952295,0.5782895,0.6913309,,,2.2561216,,,0.8952295,0.5782895,0.6913309,,
polar,1,primary,tda,0,1000.0,2.2561216,2.29404253214545,0.037920896708438345,-0.18013037645031116,0.37197821535159226,-0.08017429504487886,0.043754230277506204,92.81909467516417,1.5040986688726781e-05,-0.004810477816464154,2.2561216,,,0.8952295,0.5782895,0.6913309,,,2.29404253214545,,,0.9225373540654676,0.5867651113507232,0.7259090515449206,,
polar,1,primary,random,0,1000000.0,2.2561216,2.2405307546029487,-0.015590880834063015,-0.11940036835086953,0.34690834649566504,-0.0035470792977125975,0.043754230277506204,92.81909467516417,1.5040986688726781e-05,,2.2561216,,,0.8952295,0.5782895,0.6913309,,,2.2405307546029487,,,0.8862112179180126,0.5745767139040816,0.6794296798399708,,
polar,1,primary,random,1,100000.0,2.2561216,2.240550829594103,-0.015570805842908708,-0.11942050870869703,0.346915843270919,-0.002675962147789716,0.043754230277506204,92.81909467516417,1.5040986688726781e-05,,2.2561216,,,0.8952295,0.5782895,0.6913309,,,2.240550829594103,,,0.8862276133004824,0.5745835357815323,0.6794385243050713,,
polar,1,primary,random,2,1000000.0,2.2561216,2.240528454308145,-0.01559318112886654,-0.11939674115409205,0.3469098286182735,0.00012879363991938981,0.043754230277506204,92.81909467516417,1.5040986688726781e-05,,2.2561216,,,0.8952295,0.5782895,0.6913309,,,2.240528454308145,,,0.8862109776180571,0.5745759415359568,0.6794313440515375,,
polar,1,primary,random,3,1000000.0,2.2561216,2.2405302653498684,-0.015591370087143286,-0.11939793790663678,0.34690777406899176,0.0011506938070277289,0.043754230277506204,92.81909467516417,1.5040986688726781e-05,,2.2561216,,,0.8952295,0.5782895,0.6913309,,,2.2405302653498684,,,0.8862119156086881,0.5745772889458365,0.6794279804675241,,
polar,1,primary,random,4,1000000.0,2.2561216,2.240524806162121,-0.015596829274890922,-0.11939471273029267,0.34690707448606023,0.0013986379053069619,0.043754230277506204,92.81909467516417,1.5040986688726781e-05,,2.2561216,,,0.8952295,0.5782895,0.6913309,,,2.240524806162121,,,0.8862083810730713,0.5745755045542411,0.679426713883616,,
polar,1,primary,shuffled,0,10000.0,2.2561216,2.240025465208407,-0.016096170228604656,-0.11871731198117597,0.3467271135887488,-0.0050283580400740475,0.043754230277506204,92.81909467516417,1.5040986688726781e-05,,2.2561216,,,0.8952295,0.5782895,0.6913309,,,2.240025465208407,,,0.8858922997048724,0.5744597095958358,0.6790142913536019,,
polar,1,primary,shuffled,1,1000000.0,2.2561216,2.2405959734766485,-0.015525661960363202,-0.11948567093981477,0.346932296224228,-0.0036910098905953226,0.043754230277506204,92.81909467516417,1.5040986688726781e-05,,2.2561216,,,0.8952295,0.5782895,0.6913309,,,2.2405959734766485,,,0.8862512436512622,0.5745924211827937,0.6794812960461656,,
polar,1,primary,shuffled,2,100000.0,2.2561216,2.2399873936186454,-0.016134241818366313,-0.11877260488850583,0.3466990515814805,0.0011694566080117938,0.043754230277506204,92.81909467516417,1.5040986688726781e-05,,2.2561216,,,0.8952295,0.5782895,0.6913309,,,2.2399873936186454,,,0.8858386729419222,0.5744495550714492,0.6789591330108462,,
polar,1,primary,shuffled,3,1000000.0,2.2561216,2.2406761316189963,-0.01544550381801546,-0.1195032939729036,0.3469754693200965,0.00041795523672818146,0.043754230277506204,92.81909467516417,1.5040986688726781e-05,,2.2561216,,,0.8952295,0.5782895,0.6913309,,,2.2406761316189963,,,0.8863499332565066,0.574609752035231,0.6795845071923402,,
polar,1,primary,shuffled,4,1000000.0,2.2561216,2.240512543080394,-0.015609092356617893,-0.11929925306837363,0.346914197505723,0.0016806606589536005,0.043754230277506204,92.81909467516417,1.5040986688726781e-05,,2.2561216,,,0.8952295,0.5782895,0.6913309,,,2.240512543080394,,,0.8862483119482878,0.5745724457374496,0.6794476201153496,,
polar,1,secondary,null,0,,2.2561216,2.2561216,0.0,,,,0.043754230277506204,51055.73155922595,0.07406181845529067,,2.2561216,,,0.8952295,0.5782895,0.6913309,,,2.2561216,,,0.8952295,0.5782895,0.6913309,,
polar,1,secondary,tda,0,1000000.0,2.2561216,2.2674848454975045,0.01136321006049279,-0.00019891151713175015,2.1389450311004796,-0.05165785977799047,0.043754230277506204,51055.73155922595,0.07406181845529067,,2.2561216,,,0.8952295,0.5782895,0.6913309,,,2.2674848454975045,,,0.9025183592872277,0.5808999040833333,0.7008241576279165,,
polar,1,secondary,random,0,1000000.0,2.2561216,2.256746322537612,0.000624687100600152,-0.000174064904608362,2.1359048898888973,-0.002434943419533109,0.043754230277506204,51055.73155922595,0.07406181845529067,,2.2561216,,,0.8952295,0.5782895,0.6913309,,,2.256746322537612,,,0.8950402596157595,0.5785073011335838,0.6902136121503342,,
polar,1,secondary,random,1,100000.0,2.2561216,2.2621415938156826,0.006019958378670864,-0.00018116971114068292,2.137574367366097,-0.0023173308619104252,0.043754230277506204,51055.73155922595,0.07406181845529067,,2.2561216,,,0.8952295,0.5782895,0.6913309,,,2.2621415938156826,,,0.8981313130136118,0.5798613827458949,0.6923822506410321,,
polar,1,secondary,random,2,1000000.0,2.2561216,2.2567876277023893,0.0006659922653775574,-0.0001693837478625726,2.135955133345847,0.0001691450197732064,0.043754230277506204,51055.73155922595,0.07406181845529067,,2.2561216,,,0.8952295,0.5782895,0.6913309,,,2.2567876277023893,,,0.8950683118766916,0.5785226539804584,0.6902221453159461,,
polar,1,secondary,random,3,1000000.0,2.2561216,2.2568204005471078,0.0006987651100960335,-0.00017600225734326624,2.1359149985189716,-0.0012288738938239705,0.043754230277506204,51055.73155922595,0.07406181845529067,,2.2561216,,,0.8952295,0.5782895,0.6913309,,,2.2568204005471078,,,0.8950709167166803,0.5785221515834813,0.6902527190401331,,
polar,1,secondary,random,4,1000000.0,2.2561216,2.2567046445491985,0.0005830091121867831,-0.00017252443361592817,2.135868970206172,0.00589714577877468,0.043754230277506204,51055.73155922595,0.07406181845529067,,2.2561216,,,0.8952295,0.5782895,0.6913309,,,2.2567046445491985,,,0.8950246567708597,0.5785038216904237,0.6902499334401819,,
polar,1,secondary,shuffled,0,100000.0,2.2561216,2.2556371341070705,-0.00048450132994126704,-0.00015412064460926245,2.136417311449802,0.0017093766816665525,0.043754230277506204,51055.73155922595,0.07406181845529067,,2.2561216,,,0.8952295,0.5782895,0.6913309,,,2.2556371341070705,,,0.892577971640207,0.5783760673998842,0.6847621223990571,,
polar,1,secondary,shuffled,1,10000.0,2.2561216,2.260247252259212,0.00412561682220014,-0.0002456168083609378,2.1394461569926024,0.002947825478158676,0.043754230277506204,51055.73155922595,0.07406181845529067,,2.2561216,,,0.8952295,0.5782895,0.6913309,,,2.260247252259212,,,0.8973245434557746,0.579486608918509,0.6902320948549944,,
polar,1,secondary,shuffled,2,1000000.0,2.2561216,2.2527974934383286,-0.003324141998683139,-0.00014270164780538774,2.135894408522503,0.0033531223884673044,0.043754230277506204,51055.73155922595,0.07406181845529067,,2.2561216,,,0.8952295,0.5782895,0.6913309,,,2.2527974934383286,,,0.8933301473957482,0.5774833004903306,0.6884972317572178,,
polar,1,secondary,shuffled,3,100000.0,2.2561216,2.2641241586388388,0.008002523201827039,-0.00019133873355742237,2.1369197194268854,0.0032057912683111376,0.043754230277506204,51055.73155922595,0.07406181845529067,,2.2561216,,,0.8952295,0.5782895,0.6913309,,,2.2641241586388388,,,0.899719937592274,0.580304940027401,0.6959560934704139,,
polar,1,secondary,shuffled,4,1000000.0,2.2561216,2.2540138084324877,-0.0021078270045240544,-0.00017140982454588727,2.1359998460330583,0.004269966777208387,0.043754230277506204,51055.73155922595,0.07406181845529067,,2.2561216,,,0.8952295,0.5782895,0.6913309,,,2.2540138084324877,,,0.8939217805918159,0.5777864684503713,0.689591147221178,,
polar,2,primary,null,0,,1.8229272,1.8229272,0.0,,,,0.041513123260885916,95.64002684644963,0.0,,1.8229272,,,0.6776971,0.4746316,0.4252307,,,1.8229272,,,0.6776971,0.4746316,0.4252307,,
polar,2,primary,tda,0,100000.0,1.8229272,1.822141042974784,-0.0007861935822228716,-0.02470468923988245,0.2287402712969122,0.0691966204891619,0.041513123260885916,95.64002684644963,0.0,-0.0007775050488649793,1.8229272,,,0.6776971,0.4746316,0.4252307,,,1.822141042974784,,,0.6767888317011886,0.4742853363623119,0.42830694828587595,,
polar,2,primary,random,0,1000000.0,1.8229272,1.8222593899961117,-0.0006678465608951356,-0.025809235566966238,0.2275164584429385,0.0013707642010741875,0.041513123260885916,95.64002684644963,0.0,,1.8229272,,,0.6776971,0.4746316,0.4252307,,,1.8222593899961117,,,0.6764207961164166,0.47433822636395634,0.4267240818136039,,
polar,2,primary,random,1,100000.0,1.8229272,1.8222886064787263,-0.0006386300782805776,-0.025833614414608408,0.22752937319461897,-0.0038574968626384587,0.041513123260885916,95.64002684644963,0.0,,1.8229272,,,0.6776971,0.4746316,0.4252307,,,1.8222886064787263,,,0.6764424885027583,0.4743446563129987,0.4267510826030088,,
polar,2,primary,random,2,100000.0,1.8229272,1.8222733938098656,-0.0006538427471411978,-0.02581761802185145,0.22751623621875183,0.00037898934580864424,0.041513123260885916,95.64002684644963,0.0,,1.8229272,,,0.6776971,0.4746316,0.4252307,,,1.8222733938098656,,,0.6764275762850669,0.4743390490189734,0.4267260266914726,,
polar,2,primary,random,3,1000000.0,1.8229272,1.8222584797788386,-0.0006687567781682446,-0.02581022824849044,0.2275159714829489,0.005160086750103807,0.041513123260885916,95.64002684644963,0.0,,1.8229272,,,0.6776971,0.4746316,0.4252307,,,1.8222584797788386,,,0.6764198344912121,0.4743382444812407,0.42672337571525726,,
polar,2,primary,random,4,1000000.0,1.8229272,1.822262206712604,-0.0006650298444028646,-0.02581596697753108,0.22751675858411818,-0.00369377251345988,0.041513123260885916,95.64002684644963,0.0,,1.8229272,,,0.6776971,0.4746316,0.4252307,,,1.822262206712604,,,0.6764213479305412,0.47433897386237256,0.42672543506420146,,
polar,2,primary,shuffled,0,1000000.0,1.8229272,1.8222341161486897,-0.0006931204083171494,-0.02572886893124615,0.2274990157902666,0.0047014781636167255,0.041513123260885916,95.64002684644963,0.0,,1.8229272,,,0.6776971,0.4746316,0.4252307,,,1.8222341161486897,,,0.6764050089865713,0.47433216844266046,0.4266988923057151,,
polar,2,primary,shuffled,1,1000000.0,1.8229272,1.8222893244809244,-0.0006379120760824364,-0.02589823010410608,0.22753621043571015,0.0003630560354897256,0.041513123260885916,95.64002684644963,0.0,,1.8229272,,,0.6776971,0.4746316,0.4252307,,,1.8222893244809244,,,0.6764405074668914,0.47434588039816106,0.42675458122543514,,
polar,2,primary,shuffled,2,1000000.0,1.8229272,1.822338128602743,-0.0005891079542639233,-0.025995342961100065,0.22756346445188455,0.0021158230153773415,0.041513123260885916,95.64002684644963,0.0,,1.8229272,,,0.6776971,0.4746316,0.4252307,,,1.822338128602743,,,0.6764795822513663,0.4743598448624982,0.42679406077088367,,
polar,2,primary,shuffled,3,1000000.0,1.8229272,1.8222602102777175,-0.0006670262792893844,-0.025833357393820866,0.22751848344368863,0.0007375805090431608,0.041513123260885916,95.64002684644963,0.0,,1.8229272,,,0.6776971,0.4746316,0.4252307,,,1.8222602102777175,,,0.6764162915897486,0.47433742325408057,0.42672755379280786,,
polar,2,primary,shuffled,4,1000000.0,1.8229272,1.8222309689529925,-0.0006962676040143112,-0.02570155592741774,0.22749495034092881,-0.0030621405114168066,0.041513123260885916,95.64002684644963,0.0,,1.8229272,,,0.6776971,0.4746316,0.4252307,,,1.8222309689529925,,,0.6764035829784751,0.4743309459621338,0.4266939051173586,,
polar,2,secondary,null,0,,1.8229272,1.8229272,0.0,,,,0.041513123260885916,54683.81631501176,0.07752124539369783,,1.8229272,,,0.6776971,0.4746316,0.4252307,,,1.8229272,,,0.6776971,0.4746316,0.4252307,,
polar,2,secondary,tda,0,1000000.0,1.8229272,1.8248739489101569,0.0019467123531500263,-0.00023830597858315317,2.042123569318526,-0.0040630682162284765,0.041513123260885916,54683.81631501176,0.07752124539369783,,1.8229272,,,0.6776971,0.4746316,0.4252307,,,1.8248739489101569,,,0.6781386693369488,0.47512833182089004,0.4290900250330977,,
polar,2,secondary,random,0,1000000.0,1.8229272,1.8227517977527168,-0.0001754388042900512,-0.0001745555528362419,2.041272183219503,0.0010869269635716875,0.041513123260885916,54683.81631501176,0.07752124539369783,,1.8229272,,,0.6776971,0.4746316,0.4252307,,,1.8227517977527168,,,0.6766934271479951,0.47454579659003504,0.42585470179468143,,
polar,2,secondary,random,1,1000000.0,1.8229272,1.8228272254088802,-0.00010001114812663303,-0.000177204171175116,2.0412405902962916,0.0029257121629864143,0.041513123260885916,54683.81631501176,0.07752124539369783,,1.8229272,,,0.6776971,0.4746316,0.4252307,,,1.8228272254088802,,,0.6767249067286507,0.4745661751800905,0.42597291140294935,,
polar,2,secondary,random,2,1000000.0,1.8229272,1.8227720409563313,-0.0001551956006755617,-0.0001778960074475533,2.0412213656329814,0.003643483153121421,0.041513123260885916,54683.81631501176,0.07752124539369783,,1.8229272,,,0.6776971,0.4746316,0.4252307,,,1.8227720409563313,,,0.676698675626832,0.4745582055774298,0.4259717043604753,,
polar,2,secondary,random,3,1000000.0,1.8229272,1.8227911638497303,-0.00013607270727655774,-0.00017574127746017298,2.0412506486285706,0.0011877286795925741,0.041513123260885916,54683.81631501176,0.07752124539369783,,1.8229272,,,0.6776971,0.4746316,0.4252307,,,1.8227911638497303,,,0.6767122765459475,0.474569321303505,0.42592251049882984,,
polar,2,secondary,random,4,100000.0,1.8229272,1.8296912205878606,0.006763984030853765,-0.000232116276422778,2.042091316926818,-0.005144974811620641,0.041513123260885916,54683.81631501176,0.07752124539369783,,1.8229272,,,0.6776971,0.4746316,0.4252307,,,1.8296912205878606,,,0.6806841285515983,0.4762616113003915,0.42958979427921534,,
polar,2,secondary,shuffled,0,1000.0,1.8229272,1.8407546370267718,0.017827400469764942,-0.0002453157173677445,2.0443770201207236,0.0002923530069579987,0.041513123260885916,54683.81631501176,0.07752124539369783,,1.8229272,,,0.6776971,0.4746316,0.4252307,,,1.8407546370267718,,,0.6865166237803833,0.47906822539270755,0.43387413525827345,,
polar,2,secondary,shuffled,1,1000000.0,1.8229272,1.8227430966801856,-0.0001841398768211988,-0.00016513043860838517,2.040761210008658,0.0007016055871943072,0.041513123260885916,54683.81631501176,0.07752124539369783,,1.8229272,,,0.6776971,0.4746316,0.4252307,,,1.8227430966801856,,,0.676923770395553,0.47454314442373857,0.42615339387155116,,
polar,2,secondary,shuffled,2,1000000.0,1.8229272,1.8246996965364017,0.0017724599793949025,-0.00016965641114297103,2.041199155990556,0.003615478881117899,0.041513123260885916,54683.81631501176,0.07752124539369783,,1.8229272,,,0.6776971,0.4746316,0.4252307,,,1.8246996965364017,,,0.6779975068950432,0.4750855885154637,0.42691901465637344,,
polar,2,secondary,shuffled,3,1000000.0,1.8229272,1.822043276245119,-0.0008839603118877548,-0.00016954763168669507,2.040838524613587,-0.0006059784991493127,0.041513123260885916,54683.81631501176,0.07752124539369783,,1.8229272,,,0.6776971,0.4746316,0.4252307,,,1.822043276245119,,,0.6760172357400421,0.4742841838753896,0.4259593716181976,,
polar,2,secondary,shuffled,4,1000.0,1.8229272,1.8516884520536836,0.028761215496676762,-0.000292374322129918,2.0485472432142995,0.0017095735493894075,0.041513123260885916,54683.81631501176,0.07752124539369783,,1.8229272,,,0.6776971,0.4746316,0.4252307,,,1.8516884520536836,,,0.6911061761263989,0.4818494448919953,0.4384671658373861,,
polar,3,primary,null,0,,2.181756,2.181756,0.0,,,,0.039768368804993605,94.07066779869317,0.0,,2.181756,,,0.8985548,0.5618163,0.7352833,,,2.181756,,,0.8985548,0.5618163,0.7352833,,
polar,3,primary,tda,0,10000.0,2.181756,2.256894157685685,0.07513813809339975,-0.28154325974293704,0.40719473438888854,0.15156713054953633,0.039768368804993605,94.07066779869317,0.0,0.08584288766370474,2.181756,,,0.8985548,0.5618163,0.7352833,,,2.256894157685685,,,0.9475520245112368,0.5790088303122819,0.7987886835445313,,
polar,3,primary,random,0,1000000.0,2.181756,2.275725450525798,0.09396943093351284,-0.30767053079978446,0.4154416316974158,0.003248862273784244,0.039768368804993605,94.07066779869317,0.0,,2.181756,,,0.8985548,0.5618163,0.7352833,,,2.275725450525798,,,0.9591178937962809,0.5832148668782502,0.8137796066298408,,
polar,3,primary,random,1,1000000.0,2.181756,2.2757211658913343,0.09396514629904917,-0.3076657486171931,0.41543978512038265,0.003926087371215149,0.039768368804993605,94.07066779869317,0.0,,2.181756,,,0.8985548,0.5618163,0.7352833,,,2.2757211658913343,,,0.9591137452860139,0.5832136929948648,0.8137757397384259,,
polar,3,primary,random,2,1000000.0,2.181756,2.275722300739101,0.09396628114681604,-0.3076692808464847,0.41544110551666436,0.0018304633609480044,0.039768368804993605,94.07066779869317,0.0,,2.181756,,,0.8985548,0.5618163,0.7352833,,,2.275722300739101,,,0.9591146557730579,0.5832141955893382,0.8137775282243687,,
polar,3,primary,random,3,1000000.0,2.181756,2.2757230779071196,0.09396705831483443,-0.30767081192530976,0.41544062891267974,-0.0015844035959529012,0.039768368804993605,94.07066779869317,0.0,,2.181756,,,0.8985548,0.5618163,0.7352833,,,2.2757230779071196,,,0.9591155281010597,0.5832146800517883,0.8137768034514778,,
polar,3,primary,random,4,1000000.0,2.181756,2.27572575783251,0.09396973824022492,-0.30767656130298204,0.41544221272905396,-0.002297377849669376,0.039768368804993605,94.07066779869317,0.0,,2.181756,,,0.8985548,0.5618163,0.7352833,,,2.27572575783251,,,0.9591169679105906,0.5832149431562679,0.8137798954228181,,
polar,3,primary,shuffled,0,1000.0,2.181756,2.27442604451248,0.09267002492019483,-0.306252385471387,0.4148768826574547,0.003026087264617388,0.039768368804993605,94.07066779869317,0.0,,2.181756,,,0.8985548,0.5618163,0.7352833,,,2.27442604451248,,,0.958297234895759,0.5829157916143428,0.812723811377418,,
polar,3,primary,shuffled,1,1000000.0,2.181756,2.275343454752714,0.09358743516042889,-0.3072204837558594,0.4152764617898841,0.002169039764159484,0.039768368804993605,94.07066779869317,0.0,,2.181756,,,0.8985548,0.5618163,0.7352833,,,2.275343454752714,,,0.9588855215642362,0.5831286175483068,0.8134724271886975,,
polar,3,primary,shuffled,2,1000000.0,2.181756,2.275630848741738,0.09387482914945267,-0.30750804112700403,0.4154037830617811,-0.0006056225944788358,0.039768368804993605,94.07066779869317,0.0,,2.181756,,,0.8985548,0.5618163,0.7352833,,,2.275630848741738,,,0.9590869918006499,0.5831935413287722,0.8137119474908618,,
polar,3,primary,shuffled,3,1000000.0,2.181756,2.275347469370611,0.09359144977832567,-0.3073113400048292,0.4152729972661436,-0.0007886287188126405,0.039768368804993605,94.07066779869317,0.0,,2.181756,,,0.8985548,0.5618163,0.7352833,,,2.275347469370611,,,0.9588418337679849,0.5831283175778251,0.8134600024643089,,
polar,3,primary,shuffled,4,1000000.0,2.181756,2.276033072937914,0.09427705334562875,-0.30808166540425697,0.41557165477627633,0.0017694510470259478,0.039768368804993605,94.07066779869317,0.0,,2.181756,,,0.8985548,0.5618163,0.7352833,,,2.276033072937914,,,0.9592801514874264,0.583284305876707,0.8140167308773069,,
polar,3,secondary,null,0,,2.181756,2.181756,0.0,,,,0.039768368804993605,56738.22427287734,0.07882981123561705,,2.181756,,,0.8985548,0.5618163,0.7352833,,,2.181756,,,0.8985548,0.5618163,0.7352833,,
polar,3,secondary,tda,0,1000000.0,2.181756,2.278903360706993,0.09714734111470769,-0.00023542917529689733,2.0980044392169273,-0.04031132743978571,0.039768368804993605,56738.22427287734,0.07882981123561705,,2.181756,,,0.8985548,0.5618163,0.7352833,,,2.278903360706993,,,0.9611871973376445,0.5839133027774477,0.816149290123479,,
polar,3,secondary,random,0,100000.0,2.181756,2.2807450632269264,0.09898904363464123,-0.00024085928660627642,2.097849668587134,0.0010601160012713579,0.039768368804993605,56738.22427287734,0.07882981123561705,,2.181756,,,0.8985548,0.5618163,0.7352833,,,2.2807450632269264,,,0.9613881036676609,0.584439323225628,0.8153297136521074,,
polar,3,secondary,random,1,1000000.0,2.181756,2.277345120461643,0.09558910086935768,-0.00022716893010404915,2.0974216626106865,-0.002804250753871611,0.039768368804993605,56738.22427287734,0.07882981123561705,,2.181756,,,0.8985548,0.5618163,0.7352833,,,2.277345120461643,,,0.959814873676708,0.5835992604815502,0.8140064418274572,,
polar,3,secondary,random,2,100000.0,2.181756,2.280757644543611,0.0990016249513257,-0.00023202799745575264,2.0979293440544198,0.0012656140178178268,0.039768368804993605,56738.22427287734,0.07882981123561705,,2.181756,,,0.8985548,0.5618163,0.7352833,,,2.280757644543611,,,0.961500155307583,0.5843848096241376,0.8153129080285327,,
polar,3,secondary,random,3,1000000.0,2.181756,2.2772074039631462,0.09545138437086109,-0.00022545147845998148,2.097385006823564,-0.0012541864708866864,0.039768368804993605,56738.22427287734,0.07882981123561705,,2.181756,,,0.8985548,0.5618163,0.7352833,,,2.2772074039631462,,,0.9597539216884593,0.5835686026374267,0.8139230781930007,,
polar,3,secondary,random,4,1000000.0,2.181756,2.277254266611809,0.09549824701952403,-0.0002277272092002791,2.0973714029574184,-0.0006808535408045582,0.039768368804993605,56738.22427287734,0.07882981123561705,,2.181756,,,0.8985548,0.5618163,0.7352833,,,2.277254266611809,,,0.9597592087758782,0.5835690044330646,0.8139142618178961,,
polar,3,secondary,shuffled,0,100000.0,2.181756,2.281203283853063,0.09944726426077777,-0.0002161375088663431,2.0967439142414146,0.001352722167630259,0.039768368804993605,56738.22427287734,0.07882981123561705,,2.181756,,,0.8985548,0.5618163,0.7352833,,,2.281203283853063,,,0.9631714346516173,0.5845586916373788,0.8174053059398029,,
polar,3,secondary,shuffled,1,1000000.0,2.181756,2.274179153325685,0.09242313373340005,-0.00022134765180720217,2.0974481326987613,0.0016532890086198586,0.039768368804993605,56738.22427287734,0.07882981123561705,,2.181756,,,0.8985548,0.5618163,0.7352833,,,2.274179153325685,,,0.957525264496676,0.5828314003207661,0.8116444070145981,,
polar,3,secondary,shuffled,2,10000.0,2.181756,2.302101573403503,0.1203455538112177,-0.0003000705275488791,2.0998420457996976,0.0015669897095681555,0.039768368804993605,56738.22427287734,0.07882981123561705,,2.181756,,,0.8985548,0.5618163,0.7352833,,,2.302101573403503,,,0.9784965374198323,0.5894181032610448,0.8329144751994426,,
polar,3,secondary,shuffled,3,1000000.0,2.181756,2.271224433249363,0.08946841365707803,-0.0002190975089072511,2.0969498095154844,-0.001118455862324712,0.039768368804993605,56738.22427287734,0.07882981123561705,,2.181756,,,0.8985548,0.5618163,0.7352833,,,2.271224433249363,,,0.9548850703791506,0.5821854311145728,0.808683138888659,,
polar,3,secondary,shuffled,4,1000000.0,2.181756,2.280046662240688,0.09829064264840293,-0.00022024571465412146,2.0973098319954486,0.00416385858395285,0.039768368804993605,56738.22427287734,0.07882981123561705,,2.181756,,,0.8985548,0.5618163,0.7352833,,,2.280046662240688,,,0.9617384898843783,0.5842521654313283,0.8159598952882252,,
polar,4,primary,null,0,,2.0783973,2.0783973,0.0,,,,0.04446115665187636,93.72154963158167,1.5040986688726781e-05,,2.0783973,,,0.7868647,0.5398866,0.5544394,,,2.0783973,,,0.7868647,0.5398866,0.5544394,,
polar,4,primary,tda,0,100000.0,2.0783973,2.130495849915005,0.05209857589767086,-0.13317002251496046,0.315163594214639,0.06468769453556009,0.04446115665187636,93.72154963158167,1.5040986688726781e-05,0.0514100166751561,2.0783973,,,0.7868647,0.5398866,0.5544394,,,2.130495849915005,,,0.8237822475490244,0.5524923848426914,0.6018033531965165,,
polar,4,primary,random,0,1000000.0,2.0783973,2.1339470326235404,0.05554975860620637,-0.13714207892356622,0.3170430059695846,-0.002498535209794094,0.04446115665187636,93.72154963158167,1.5040986688726781e-05,,2.0783973,,,0.7868647,0.5398866,0.5544394,,,2.1339470326235404,,,0.8259715621173416,0.5532661557425747,0.6045689540407112,,
polar,4,primary,random,1,10000.0,2.0783973,2.1339663456068103,0.055569071589476327,-0.13710370292848106,0.3170543672842533,0.005905835563744828,0.04446115665187636,93.72154963158167,1.5040986688726781e-05,,2.0783973,,,0.7868647,0.5398866,0.5544394,,,2.1339663456068103,,,0.8259834649402017,0.5532717989748777,0.6045876014785565,,
polar,4,primary,random,2,1000000.0,2.0783973,2.1339464616971595,0.05554918767982553,-0.13714513538913886,0.3170427153882642,-0.0018452454889351338,0.04446115665187636,93.72154963158167,1.5040986688726781e-05,,2.0783973,,,0.7868647,0.5398866,0.5544394,,,2.1339464616971595,,,0.8259709887045699,0.553266457540725,0.6045691078535635,,
polar,4,primary,random,3,1000000.0,2.0783973,2.1339473585673954,0.055550084550061385,-0.1371421445794111,0.3170428284080478,-0.0022832973062036884,0.04446115665187636,93.72154963158167,1.5040986688726781e-05,,2.0783973,,,0.7868647,0.5398866,0.5544394,,,2.1339473585673954,,,0.8259711500569332,0.5532665102742987,0.6045690826199758,,
polar,4,primary,random,4,1000000.0,2.0783973,2.133948751353458,0.05555147733612387,-0.1371483031886409,0.3170429706018722,-0.007171568517532886,0.04446115665187636,93.72154963158167,1.5040986688726781e-05,,2.0783973,,,0.7868647,0.5398866,0.5544394,,,2.133948751353458,,,0.8259715804137592,0.5532668567935569,0.6045698335045752,,
polar,4,primary,shuffled,0,1000000.0,2.0783973,2.1339859286173892,0.05558865460005524,-0.13718011258836393,0.3170633221845584,0.0027847701603319714,0.04446115665187636,93.72154963158167,1.5040986688726781e-05,,2.0783973,,,0.7868647,0.5398866,0.5544394,,,2.1339859286173892,,,0.8260033228729258,0.5532760060952597,0.6046059399416359,,
polar,4,primary,shuffled,1,100000.0,2.0783973,2.1341173230897823,0.05572004907244832,-0.13736990128220516,0.3171322783015509,0.00384008690008806,0.04446115665187636,93.72154963158167,1.5040986688726781e-05,,2.0783973,,,0.7868647,0.5398866,0.5544394,,,2.1341173230897823,,,0.8260872772851033,0.5533053327717238,0.6047323481703191,,
polar,4,primary,shuffled,2,1000000.0,2.0783973,2.1342031862770727,0.055805912259738744,-0.13750407970410872,0.3171720495119111,0.0009462717981416882,0.04446115665187636,93.72154963158167,1.5040986688726781e-05,,2.0783973,,,0.7868647,0.5398866,0.5544394,,,2.1342031862770727,,,0.8261377453390077,0.5533264972892387,0.6048007118346849,,
polar,4,primary,shuffled,3,1000000.0,2.0783973,2.1341842884910687,0.055787014473734686,-0.13745094585926,0.317162538979732,0.0004843789971475836,0.04446115665187636,93.72154963158167,1.5040986688726781e-05,,2.0783973,,,0.7868647,0.5398866,0.5544394,,,2.1341842884910687,,,0.8261336439444888,0.5533224977367617,0.6047849718943091,,
polar,4,primary,shuffled,4,1000000.0,2.0783973,2.1340097161670677,0.05561244214973371,-0.137203651479766,0.3170737256959929,-0.0023477149684263065,0.04446115665187636,93.72154963158167,1.5040986688726781e-05,,2.0783973,,,0.7868647,0.5398866,0.5544394,,,2.1340097161670677,,,0.8260225913482983,0.5532815565280357,0.6046257638230956,,
polar,4,secondary,null,0,,2.0783973,2.0783973,0.0,,,,0.04446115665187636,55019.66749094644,0.07833345867488907,,2.0783973,,,0.7868647,0.5398866,0.5544394,,,2.0783973,,,0.7868647,0.5398866,0.5544394,,
polar,4,secondary,tda,0,1000000.0,2.0783973,2.1366018200343264,0.05820454601699243,-0.0002697348507642028,2.256241384446213,-0.06702980913819066,0.04446115665187636,55019.66749094644,0.07833345867488907,,2.0783973,,,0.7868647,0.5398866,0.5544394,,,2.1366018200343264,,,0.8267429521308509,0.5539180196111361,0.6057482636612321,,
polar,4,secondary,random,0,1000000.0,2.0783973,2.1391753275602534,0.06077805354291943,-0.00024391891433700463,2.255626334234324,-0.0011925191366199128,0.04446115665187636,55019.66749094644,0.07833345867488907,,2.0783973,,,0.7868647,0.5398866,0.5544394,,,2.1391753275602534,,,0.8284239162730094,0.5544931474017686,0.6089598936868917,,
polar,4,secondary,random,1,100000.0,2.0783973,2.142142293653056,0.06374501963572188,-0.00023655064781871737,2.2563438525573334,0.00403230616602186,0.04446115665187636,55019.66749094644,0.07833345867488907,,2.0783973,,,0.7868647,0.5398866,0.5544394,,,2.142142293653056,,,0.8300623247924532,0.5552487029836283,0.6098880458032097,,
polar,4,secondary,random,2,1000000.0,2.0783973,2.139207464355127,0.06081019033779311,-0.00024104133466268385,2.255599184726642,0.0035896966604923967,0.04446115665187636,55019.66749094644,0.07833345867488907,,2.0783973,,,0.7868647,0.5398866,0.5544394,,,2.139207464355127,,,0.8284492557478121,0.554494707873119,0.6089612394980274,,
polar,4,secondary,random,3,1000000.0,2.0783973,2.139190118511674,0.06079284449433997,-0.00024159836340204022,2.2556366762254356,-0.002965888773429746,0.04446115665187636,55019.66749094644,0.07833345867488907,,2.0783973,,,0.7868647,0.5398866,0.5544394,,,2.139190118511674,,,0.8284247853209414,0.5544901074320886,0.6089606964570354,,
polar,4,secondary,random,4,100000.0,2.0783973,2.142708071606149,0.06431079758881486,-0.0002611577322420011,2.2563992893562177,-0.001383983863636325,0.04446115665187636,55019.66749094644,0.07833345867488907,,2.0783973,,,0.7868647,0.5398866,0.5544394,,,2.142708071606149,,,0.8305183618099877,0.5554277047904307,0.6102919106504218,,
polar,4,secondary,shuffled,0,1000000.0,2.0783973,2.140180559855187,0.061783285837853086,-0.00024079561389339643,2.2556932309055013,-0.002327071075796895,0.04446115665187636,55019.66749094644,0.07833345867488907,,2.0783973,,,0.7868647,0.5398866,0.5544394,,,2.140180559855187,,,0.828954356774545,0.5547333931330455,0.6092839045654835,,
polar,4,secondary,shuffled,1,1000000.0,2.0783973,2.1391531125180205,0.060755838500686554,-0.00023969749581898014,2.2556378259277,0.0018549462138621044,0.04446115665187636,55019.66749094644,0.07833345867488907,,2.0783973,,,0.7868647,0.5398866,0.5544394,,,2.1391531125180205,,,0.8285485870921259,0.5544784937049235,0.6089286215038149,,
polar,4,secondary,shuffled,2,1000000.0,2.0783973,2.138895638300111,0.06049836428277722,-0.00024181319504956722,2.255566986169386,-7.121460219093167e-05,0.04446115665187636,55019.66749094644,0.07833345867488907,,2.0783973,,,0.7868647,0.5398866,0.5544394,,,2.138895638300111,,,0.8278811828026872,0.5544622825032762,0.6075058800910086,,
polar,4,secondary,shuffled,3,1000000.0,2.0783973,2.142018015422464,0.06362074140512997,-0.0002367900053501515,2.2555807342227183,-0.0020852363561073527,0.04446115665187636,55019.66749094644,0.07833345867488907,,2.0783973,,,0.7868647,0.5398866,0.5544394,,,2.142018015422464,,,0.8297816786247602,0.5552051676521731,0.6102183164316829,,
polar,4,secondary,shuffled,4,1000000.0,2.0783973,2.137693040085713,0.05929576606837905,-0.0002307271461183258,2.255911944784468,0.0026000104824588197,0.04446115665187636,55019.66749094644,0.07833345867488907,,2.0783973,,,0.7868647,0.5398866,0.5544394,,,2.137693040085713,,,0.8273743081974382,0.5541186789424416,0.6075989892642896,,
